time,latitude,longitude,depth,mag,magType,nst,gap,dmin,rms,net,id,updated,place,type,horizontalError,depthError,magError,magNst,status,locationSource,magSource
2020-04-30T22:10:31.558Z,-24.0112,-66.93,164.35,5.4,mww,,32,1.557,0.92,us,us700097y1,2020-07-18T21:57:07.040Z,"66 km WNW of San Antonio de los Cobres, Argentina",earthquake,6.7,4.1,0.054,33,reviewed,us,us
2020-04-30T21:23:21.830Z,-2.3984,138.7274,58.9,5.1,mww,,18,6.492,1.1,us,us700097x8,2020-07-18T21:57:07.040Z,"212 km W of Abepura, Indonesia",earthquake,8.5,4.9,0.086,13,reviewed,us,us
2020-04-30T16:01:53.126Z,-18.3922,-178.8616,538.15,4.6,mb,,78,3.005,1.2,us,us70009ajm,2020-07-18T21:57:39.040Z,"196 km E of Levuka, Fiji",earthquake,15,9.9,0.125,22,reviewed,us,us
2020-04-30T15:32:27.313Z,-6.9904,154.9022,10,4.5,mb,,41,3.893,0.94,us,us70009ajj,2020-07-18T21:57:39.040Z,"98 km SW of Panguna, Papua New Guinea",earthquake,7.5,1.8,0.094,42,reviewed,us,us
2020-04-30T10:09:46.791Z,36.9551,28.5722,10,4.9,mb,,38,0.824,1.18,us,us700097h4,2020-07-18T21:57:05.040Z,"14 km NNW of Dalyan, Turkey",earthquake,4.4,1.8,0.067,71,reviewed,us,us
2020-04-30T09:23:12.537Z,-22.6597,-67.9997,108.93,5.3,mww,,29,0.334,1.37,us,us700097g8,2020-07-18T21:57:05.040Z,"34 km NE of San Pedro de Atacama, Chile",earthquake,6.5,3.7,0.058,29,reviewed,us,us
2020-04-30T08:21:59.649Z,-7.0922,106.9026,59.57,4.8,mb,,50,0.827,0.8,us,us70009aj8,2020-07-18T21:57:39.040Z,"19 km S of Sukabumi, Indonesia",earthquake,7.8,5.5,0.072,59,reviewed,us,us
2020-04-30T08:20:26.093Z,1.2299,99.5995,17.12,5,mww,,29,1.603,0.72,us,us700097e2,2020-07-18T21:57:05.040Z,"40 km ESE of Padangsidempuan, Indonesia",earthquake,4.9,3.2,0.098,10,reviewed,us,us
2020-04-30T04:45:00.275Z,-20.9882,-175.3087,10,4.7,mb,,66,5.405,0.75,us,us700097bd,2020-07-18T21:57:05.040Z,"Tonga",earthquake,10.4,1.8,0.058,90,reviewed,us,us
2020-04-30T04:10:35.715Z,-2.9811,130.0352,10,4.6,mb,,58,2.211,0.74,us,us700097av,2020-07-18T21:57:04.040Z,"130 km ENE of Amahai, Indonesia",earthquake,6.7,1.8,0.092,35,reviewed,us,us
2020-04-30T03:50:50.176Z,-23.7509,69.3823,10,4.9,mb,,70,20.9,0.78,us,us700097ar,2020-07-18T21:57:04.040Z,"Mid-Indian Ridge",earthquake,11.9,1.8,0.079,50,reviewed,us,us
2020-04-30T03:15:33.647Z,5.6912,-82.6451,10,4.8,mb,,128,3.083,0.66,us,us700097a8,2020-07-18T21:57:04.040Z,"260 km S of Punta de Burica, Panama",earthquake,7.4,1.8,0.074,57,reviewed,us,us
2020-04-30T03:15:21.414Z,40.9219,142.7766,36.18,5.2,mww,,53,1.305,0.55,us,us700097a4,2020-07-18T21:57:04.040Z,"117 km ENE of Hachinohe, Japan",earthquake,7.4,0.8,0.069,20,reviewed,us,us
2020-04-30T02:06:03.489Z,-6.4147,154.465,10,4.5,mb,,127,3.182,0.85,us,us70009aj2,2020-07-18T21:57:38.040Z,"113 km W of Panguna, Papua New Guinea",earthquake,7.4,1.9,0.135,16,reviewed,us,us
2020-04-30T01:52:36.955Z,-0.056,123.7186,54.06,4.5,mb,,78,1.362,0.69,us,us70009aj1,2020-07-18T21:57:38.040Z,"98 km SE of Gorontalo, Indonesia",earthquake,8.3,7.9,0.093,34,reviewed,us,us
2020-04-29T22:34:12.056Z,-56.5284,-25.6871,10,4.6,mb,,197,17.967,0.75,us,us70009agb,2020-07-18T21:57:38.040Z,"94km E of Visokoi Island, South Georgia and the South Sandwich Islands",earthquake,5.8,1.9,0.126,19,reviewed,us,us
2020-04-29T22:33:41.010Z,-10.2157,161.5409,89.11,4.5,mb,,111,1.749,0.67,us,us70009age,2020-07-18T21:57:38.040Z,"49 km WNW of Kirakira, Solomon Islands",earthquake,9.9,7.5,0.095,32,reviewed,us,us
2020-04-29T21:50:44.410Z,-21.634,170.3256,60.43,4.6,mb,,148,2.141,0.67,us,us60009eyu,2020-07-18T21:57:04.040Z,"southeast of the Loyalty Islands",earthquake,10.7,6,0.093,35,reviewed,us,us
2020-04-29T17:47:07.930Z,4.6331,127.007,61.8,4.8,mb,,111,2.806,0.77,us,us60009eug,2020-07-18T21:57:04.040Z,"191 km ESE of Sarangani, Philippines",earthquake,3.7,6.2,0.056,99,reviewed,us,us
2020-04-29T17:01:35.721Z,35.5681,45.0817,11.95,4.8,mb,,39,0.322,0.7,us,us60009ety,2020-07-18T21:57:03.040Z,"22 km E of Jamjamāl, Iraq",earthquake,3.4,3.9,0.046,144,reviewed,us,us
2020-04-29T16:04:31.546Z,-23.2797,-66.6103,195.02,4.9,mww,,57,1.48,1.16,us,us60009esk,2020-07-18T21:57:03.040Z,"95 km W of El Aguilar, Argentina",earthquake,8.2,5,0.071,19,reviewed,us,us
2020-04-29T15:47:02.756Z,-17.4843,-173.6698,31,4.9,mb,,53,3.892,0.95,us,us60009es9,2020-07-18T21:57:03.040Z,"133 km NNE of Neiafu, Tonga",earthquake,8.6,4.6,0.076,55,reviewed,us,us
2020-04-29T14:01:17.827Z,-17.7495,-178.4869,578.03,4.6,mb,,67,3.297,0.75,us,us60009epz,2020-07-18T21:57:03.040Z,"235 km E of Levuka, Fiji",earthquake,12.6,7.4,0.098,31,reviewed,us,us
2020-04-29T10:52:11.796Z,-23.7009,69.5338,10,4.9,mb,,51,20.59,0.39,us,us60009ele,2020-07-18T21:57:03.040Z,"Mid-Indian Ridge",earthquake,11.2,1.8,0.064,76,reviewed,us,us
2020-04-29T10:23:16.959Z,-5.128,152.3258,35,5,mb,,87,0.944,0.68,us,us60009el9,2020-07-18T21:57:03.040Z,"87 km S of Kokopo, Papua New Guinea",earthquake,4.3,1.9,0.041,187,reviewed,us,us
2020-04-29T10:22:47.924Z,20.1913,-74.158,10,4.6,mww,,36,0.856,0.63,us,us60009el1,2020-07-18T21:57:03.040Z,"6 km S of Maisí, Cuba",earthquake,5,1.9,0.093,11,reviewed,us,us
2020-04-29T08:17:48.298Z,-4.4942,102.5006,50.92,4.8,mb,,95,0.472,0.67,us,us60009ejp,2020-07-18T21:57:03.040Z,"southern Sumatra, Indonesia",earthquake,7.6,5.7,0.081,47,reviewed,us,us
2020-04-29T06:21:49.480Z,-17.7084,167.8718,10,4.5,mb,,69,3.755,1.18,us,us70009afp,2020-07-18T21:57:37.040Z,"46 km W of Port-Vila, Vanuatu",earthquake,5.5,1.8,0.115,22,reviewed,us,us
2020-04-29T05:37:16.535Z,-24.2701,-67.0461,149.27,5.4,mww,,39,1.673,1.16,us,us60009ehh,2020-07-18T21:57:02.040Z,"74 km W of San Antonio de los Cobres, Argentina",earthquake,7.9,3.8,0.046,45,reviewed,us,us
2020-04-29T04:08:30.265Z,10.6906,125.1804,10,4.6,mb,,77,3.619,0.84,us,us60009eh7,2020-07-18T21:57:02.040Z,"11 km N of Hingatungan, Philippines",earthquake,8.8,1.8,0.071,60,reviewed,us,us
2020-04-28T19:13:20.156Z,-60.3565,-29.3442,10,4.6,mb,,84,15.451,1.11,us,us700099z8,2020-07-11T22:19:30.040Z,"South Sandwich Islands region",earthquake,7,1.9,0.123,21,reviewed,us,us
2020-04-28T16:08:13.154Z,-19.5826,-173.0571,10,4.7,mb,,99,2.998,0.51,us,us700099z5,2020-07-11T22:19:30.040Z,"138 km E of Pangai, Tonga",earthquake,9.8,1.9,0.113,24,reviewed,us,us
2020-04-28T13:15:30.222Z,42.0297,142.6084,53.98,4.5,mb,,134,1.698,0.72,us,us60009dxg,2020-07-11T22:19:15.040Z,"39 km SSE of Shizunai-furukawachō, Japan",earthquake,7.9,6.3,0.083,43,reviewed,us,us
2020-04-28T12:02:32.897Z,13.227,-44.8374,10,5.1,mww,,91,11.152,0.5,us,us60009dvz,2020-07-11T22:19:15.040Z,"northern Mid-Atlantic Ridge",earthquake,11.3,1.9,0.073,18,reviewed,us,us
2020-04-28T11:45:20.497Z,39.9632,70.7994,10,4.5,mb,,48,0.095,0.77,us,us700099z0,2020-07-11T22:19:30.040Z,"11 km S of Batken, Kyrgyzstan",earthquake,2.7,1.9,0.181,9,reviewed,us,us
2020-04-28T11:15:35.077Z,36.5341,70.5821,199.81,4.7,mb,,62,1.957,0.81,us,us60009dul,2020-07-11T22:19:15.040Z,"43 km SSW of Jurm, Afghanistan",earthquake,6.5,6.4,0.037,215,reviewed,us,us
2020-04-28T09:06:07.043Z,-2.8175,-77.429,10,4.6,mb,,101,1.859,0.81,us,us60009dtb,2020-07-11T22:19:15.040Z,"91 km ESE of Sucúa, Ecuador",earthquake,6.4,1.9,0.05,120,reviewed,us,us
2020-04-28T04:43:20.332Z,-7.0361,104.9452,35,4.7,mb,,142,2.658,0.44,us,us700099yn,2020-07-11T22:19:29.040Z,"121 km SW of Labuan, Indonesia",earthquake,9.8,2,0.166,11,reviewed,us,us
2020-04-28T01:36:48.256Z,-6.7207,154.8392,10,4.6,mb,,126,3.661,0.78,us,us700099yj,2020-07-11T22:19:29.040Z,"84 km WSW of Panguna, Papua New Guinea",earthquake,11.8,1.9,0.101,29,reviewed,us,us
2020-04-28T00:13:43.203Z,-16.3874,-172.9005,10,5.2,mb,,57,3.896,0.84,us,us60009dmf,2020-07-11T22:19:13.040Z,"107 km ESE of Hihifo, Tonga",earthquake,8.2,1.8,0.031,353,reviewed,us,us
2020-04-27T23:18:14.988Z,1.5751,97.0459,29.03,4.5,mb,,163,0.594,0.6,us,us60009dl4,2020-07-11T22:19:13.040Z,"114 km SW of Singkil, Indonesia",earthquake,5.4,6,0.09,36,reviewed,us,us
2020-04-27T20:11:31.148Z,-6.6946,154.3331,10,4.5,mb,,65,3.293,1.26,us,us700097qz,2020-07-11T22:19:28.040Z,"134 km WSW of Panguna, Papua New Guinea",earthquake,7.5,1.9,0.118,21,reviewed,us,us
2020-04-27T19:42:50.432Z,-51.6359,139.8777,10,4.5,mb,,63,14.613,0.79,us,us700097qv,2020-07-11T22:19:28.040Z,"western Indian-Antarctic Ridge",earthquake,12.4,1.9,0.128,18,reviewed,us,us
2020-04-27T18:22:06.814Z,-31.2889,-178.082,35,4.5,mb,,122,2.041,0.29,us,us700097qu,2020-07-11T22:19:28.040Z,"Kermadec Islands region",earthquake,8.7,2,0.192,8,reviewed,us,us
2020-04-27T13:39:19.333Z,-19.3984,-172.7278,10,4.7,mb,,104,2.665,1.01,us,us700097qn,2020-07-11T22:19:28.040Z,"156 km ESE of Neiafu, Tonga",earthquake,9.3,1.9,0.142,17,reviewed,us,us
2020-04-27T11:42:50.610Z,-37.4977,77.8481,10,4.7,mb,,57,0.371,0.82,us,us700097qf,2020-07-11T22:19:28.040Z,"Mid-Indian Ridge",earthquake,7.9,1.8,0.12,21,reviewed,us,us
2020-04-27T08:40:42.777Z,-3.7329,151.4659,10,5.4,mww,,49,0.831,0.73,us,us60009d5p,2020-07-11T22:19:10.040Z,"93 km NW of Rabaul, Papua New Guinea",earthquake,6.5,1.8,0.068,21,reviewed,us,us
2020-04-27T04:13:26.174Z,52.7406,-176.0667,223.58,4.8,mb,,66,0.648,0.75,us,us60009d2q,2020-07-11T22:19:10.040Z,"103 km NNE of Adak, Alaska",earthquake,10.1,5.4,0.034,272,reviewed,us,us
2020-04-27T03:24:07.991Z,-4.0234,151.4556,10,4.6,mb,,76,0.725,0.88,us,us60009d1v,2020-07-11T22:19:10.040Z,"80 km WNW of Rabaul, Papua New Guinea",earthquake,5.4,1.9,0.097,32,reviewed,us,us
2020-04-27T02:16:38.564Z,17.9946,146.1397,100.32,4.6,mb,,80,2.758,0.54,us,us700097q7,2020-07-11T22:19:28.040Z,"Alamagan region, Northern Mariana Islands",earthquake,12.6,8.3,0.105,27,reviewed,us,us
2020-04-26T23:48:44.351Z,5.6607,126.8983,57.96,5.1,mww,,72,1.917,1.24,us,us60009czd,2020-07-11T22:19:09.040Z,"111 km SE of Pondaguitan, Philippines",earthquake,7.4,4.6,0.093,11,reviewed,us,us
2020-04-26T22:52:11.130Z,-44.9222,167.543,78.44,5,mww,,38,0.602,0.88,us,us60009cyg,2020-07-22T20:07:38.040Z,"56 km NNW of Te Anau, New Zealand",earthquake,5.1,3.8,0.086,13,reviewed,us,us
2020-04-26T22:28:10.386Z,-9.878,-75.1318,119.2,4.6,mb,,91,2.686,0.66,us,us60009cy7,2020-07-11T22:19:09.040Z,"82 km NNE of Oxapampa, Peru",earthquake,7.4,7,0.059,86,reviewed,us,us
2020-04-26T15:50:00.942Z,-4.222,151.4017,10,4.5,mb,,66,0.76,0.62,us,us700097p4,2020-07-11T22:19:27.040Z,"84 km W of Rabaul, Papua New Guinea",earthquake,6.4,1.7,0.131,17,reviewed,us,us
2020-04-26T14:02:13.797Z,42.1306,144.9447,10,5,mb,,121,2.629,0.57,us,us60009crz,2020-07-11T22:19:08.040Z,"104 km SSE of Kushiro, Japan",earthquake,5.2,1.8,0.031,330,reviewed,us,us
2020-04-26T13:43:57.882Z,-3.9579,151.3803,10,5.2,mww,,40,0.815,0.68,us,us60009crm,2020-07-11T22:19:08.040Z,"90 km WNW of Rabaul, Papua New Guinea",earthquake,6.9,1.8,0.068,21,reviewed,us,us
2020-04-26T12:22:06.049Z,-1.239,149.7505,10,4.6,mb,,126,2.513,0.58,us,us700097p2,2020-07-11T22:19:27.040Z,"187 km NW of Kavieng, Papua New Guinea",earthquake,8.5,1.7,0.122,20,reviewed,us,us
2020-04-26T09:09:32.023Z,-6.6235,147.8724,35,4.6,mb,,153,2.852,0.88,us,us60009cnj,2020-07-11T22:19:07.040Z,"7 km SSE of Finschhafen, Papua New Guinea",earthquake,11.8,2,0.116,22,reviewed,us,us
2020-04-26T07:52:53.201Z,-18.7536,-177.8825,616.85,4.8,mb,,37,3.99,0.76,us,us60009cmu,2020-07-11T22:19:07.040Z,"Fiji region",earthquake,10.3,5.8,0.064,76,reviewed,us,us
2020-04-26T05:11:25.357Z,-59.3756,-25.6193,35,4.5,mb,,104,15.372,0.64,us,us700097nx,2020-07-11T22:19:27.040Z,"South Sandwich Islands region",earthquake,7.1,1.9,0.099,30,reviewed,us,us
2020-04-26T04:54:21.389Z,-13.3086,166.3456,10,4.6,mb,,134,7.357,0.56,us,us700097nw,2020-07-11T22:19:27.040Z,"144 km WNW of Sola, Vanuatu",earthquake,11.1,1.9,0.206,8,reviewed,us,us
2020-04-26T03:17:44.631Z,-59.2372,-25.9674,93.51,4.5,mb,,141,7.616,0.64,us,us700097nu,2020-07-11T22:19:27.040Z,"South Sandwich Islands region",earthquake,13,6.9,0.145,14,reviewed,us,us
2020-04-26T02:17:02.345Z,-18.2094,168.3309,10,4.6,mb,,156,3.266,0.72,us,us700097nr,2020-07-11T22:19:27.040Z,"52 km S of Port-Vila, Vanuatu",earthquake,10.8,1.8,0.206,7,reviewed,us,us
2020-04-26T00:49:10.522Z,36.173,140.0771,73.24,4.9,mb,,90,1.522,0.74,us,us60009ci8,2020-07-11T22:19:06.040Z,"3 km SW of Tsukuba, Japan",earthquake,6.4,5.2,0.047,141,reviewed,us,us
2020-04-25T23:50:18.986Z,-37.3786,78.3788,10,4.5,mb,,117,0.766,0.58,us,us700097ks,2020-07-11T22:19:26.040Z,"Mid-Indian Ridge",earthquake,10.1,1.9,0.204,7,reviewed,us,us
2020-04-25T23:36:23.234Z,-34.4063,-178.9813,10,4.5,mb,,180,3.841,0.73,us,us700097kt,2020-07-11T22:19:26.040Z,"south of the Kermadec Islands",earthquake,13.5,1.9,0.18,9,reviewed,us,us
2020-04-25T22:27:58.017Z,6.5669,-82.3498,10,4.6,mb,,142,2.069,0.93,us,us60009cfw,2020-07-11T22:19:06.040Z,"169 km SW of Río Grande, Panama",earthquake,7.5,1.9,0.07,61,reviewed,us,us
2020-04-25T21:47:50.006Z,-6.407,154.298,10,4.7,mb,,67,3.059,0.68,us,us60009cfr,2020-07-11T22:19:06.040Z,"131 km W of Panguna, Papua New Guinea",earthquake,8.7,1.9,0.088,39,reviewed,us,us
2020-04-25T21:05:08.033Z,-6.4187,154.505,10,4.6,mb,,128,3.214,0.47,us,us700097km,2020-07-11T22:19:25.040Z,"108 km W of Panguna, Papua New Guinea",earthquake,9.3,1.6,0.172,10,reviewed,us,us
2020-04-25T18:28:36.356Z,26.6835,126.4095,10,4.5,mb,,65,1.672,0.78,us,us60009cbt,2020-07-11T22:19:05.040Z,"137 km WNW of Naha, Japan",earthquake,3.1,1.8,0.11,25,reviewed,us,us
2020-04-25T17:32:47.201Z,-5.9149,154.8009,164.51,4.5,mb,,75,3.135,0.85,us,us60009cat,2020-07-11T22:19:05.040Z,"87 km WNW of Panguna, Papua New Guinea",earthquake,8.8,6.4,0.064,83,reviewed,us,us
2020-04-25T17:22:49.699Z,36.2457,137.6713,6.2,4.6,mb,,60,0.523,0.75,us,us700097kq,2020-07-11T22:19:25.040Z,"eastern Honshu, Japan",earthquake,5.7,4.4,0.065,70,reviewed,us,us
2020-04-25T17:17:44.152Z,-27.6634,-179.2623,406.65,4.5,mb,,67,1.965,0.87,us,us700097kg,2020-07-11T22:19:25.040Z,"Kermadec Islands region",earthquake,10.4,6.3,0.08,46,reviewed,us,us
2020-04-25T15:30:54.918Z,5.0458,-72.6728,50.13,4.7,mb,,56,1.654,1.06,us,us60009c8u,2020-07-11T22:19:05.040Z,"8 km ENE of Tauramena, Colombia",earthquake,8.5,8.2,0.113,24,reviewed,us,us
2020-04-25T12:50:26.811Z,-15.4004,-173.2202,10,4.5,mb,,105,4.823,0.58,us,us60009c6v,2020-07-11T22:19:03.040Z,"87 km NE of Hihifo, Tonga",earthquake,5.9,1.9,0.109,25,reviewed,us,us
2020-04-25T12:46:25.040Z,-52.8204,27.3267,10,4.5,mb,,110,20.967,0.96,us,us700097ke,2020-07-11T22:19:25.040Z,"south of Africa",earthquake,10.7,1.9,0.135,16,reviewed,us,us
2020-04-25T09:17:27.637Z,-23.8785,69.162,10,4.6,mb,,79,39.429,0.4,us,us700097k6,2020-07-11T22:19:25.040Z,"Mid-Indian Ridge",earthquake,10.5,1.9,0.116,22,reviewed,us,us
2020-04-25T05:53:56.164Z,-27.8443,-71.4861,12.87,4.9,mwr,,103,0.511,0.78,us,us60009c24,2020-07-11T22:19:01.040Z,"108 km NW of Vallenar, Chile",earthquake,4.7,4.5,,,reviewed,us,guc
2020-04-25T05:52:27.308Z,-23.4781,69.5172,10,4.7,mb,,123,30.279,0.88,us,us700097jx,2020-07-11T22:19:24.040Z,"Mid-Indian Ridge",earthquake,14.5,1.9,0.117,22,reviewed,us,us
2020-04-25T03:46:56.859Z,1.7429,66.8372,10,4.6,mb,,125,6.28,0.91,us,us700097jy,2020-07-11T22:19:24.040Z,"Carlsberg Ridge",earthquake,9.1,1.9,0.146,14,reviewed,us,us
2020-04-25T03:01:01.446Z,-18.6858,-175.4229,225.97,4.9,mb,,33,5.064,1,us,us60009c09,2020-07-11T22:19:00.040Z,"151 km W of Neiafu, Tonga",earthquake,10,5.1,0.03,343,reviewed,us,us
2020-04-25T02:55:19.224Z,-6.5536,154.4513,10,5.4,mb,,155,3.27,1.33,us,us700097k4,2020-07-11T22:19:25.040Z,"117 km WSW of Panguna, Papua New Guinea",earthquake,10.4,1.9,0.156,14,reviewed,us,us
2020-04-25T02:53:06.698Z,-6.5337,154.2347,19,6.1,mww,,27,3.109,1.18,us,us60009c06,2020-07-11T22:19:00.040Z,"140 km W of Panguna, Papua New Guinea",earthquake,6.1,1.6,0.043,52,reviewed,us,us
2020-04-25T01:41:21.901Z,-17.9525,-177.8735,621.44,4.5,mb,,46,3.632,1.05,us,us60009bz8,2020-07-11T22:19:00.040Z,"297 km E of Levuka, Fiji",earthquake,12,6.7,0.051,112,reviewed,us,us
2020-04-25T00:40:36.765Z,-6.4231,129.3019,203.96,4.5,mb,,88,2.515,0.7,us,us60009by3,2020-07-11T22:19:00.040Z,"Banda Sea",earthquake,7.5,9.5,0.124,19,reviewed,us,us
2020-04-24T22:32:50.431Z,37.5452,68.7379,10,4.8,mwr,,55,0.489,0.6,us,us60009bvd,2020-07-11T22:18:59.040Z,"7 km WSW of Orzu, Tajikistan",earthquake,5.3,1.9,0.08,15,reviewed,us,us
2020-04-24T22:04:16.273Z,45.9075,27.4877,10,4.9,mb,,11,1.158,0.66,us,us60009buq,2020-07-11T22:18:59.040Z,"1 km ESE of Ungureni, Romania",earthquake,4.5,1.8,0.031,320,reviewed,us,us
2020-04-24T19:47:04.516Z,-21.5466,-176.1497,104.09,4.5,mb,,112,6.335,0.52,us,us700097g1,2020-07-11T22:19:23.040Z,"106 km WSW of Haveluloto, Tonga",earthquake,15.4,9,0.14,18,reviewed,us,us
2020-04-24T19:15:47.942Z,-23.6599,69.2065,10,4.5,mb,,88,43.296,0.86,us,us700097g0,2020-07-11T22:19:23.040Z,"Mid-Indian Ridge",earthquake,7.9,1.8,0.118,26,reviewed,us,us
2020-04-24T18:44:23.729Z,-24.6712,-179.9446,495.38,4.8,mb,,47,4.897,0.95,us,us60009bp2,2020-07-11T22:18:58.040Z,"south of the Fiji Islands",earthquake,9.1,5.3,0.038,231,reviewed,us,us
2020-04-24T15:01:28.598Z,37.5993,68.8569,10,4.5,mb,,83,0.584,1.34,us,us60009biw,2020-07-11T22:18:57.040Z,"5 km NE of Orzu, Tajikistan",earthquake,5.1,1.9,0.104,27,reviewed,us,us
2020-04-24T13:16:03.950Z,35.9177,27.9485,57.93,4.8,mww,,42,0.326,0.83,us,us60009bfq,2020-07-11T22:18:57.040Z,"20 km SSW of Lárdos, Greece",earthquake,5.2,5.9,0.127,6,reviewed,us,us
2020-04-24T09:28:54.188Z,-21.8197,-175.1141,35,4.5,mb,,68,5.576,0.44,us,us700097fl,2020-07-11T22:19:23.040Z,"56 km SSW of ‘Ohonua, Tonga",earthquake,11.4,2,0.135,16,reviewed,us,us
2020-04-24T09:20:50.437Z,-6.3076,151.8878,10,4.5,mb,,84,2.12,0.56,us,us700097fp,2020-07-11T22:19:23.040Z,"211 km ESE of Kimbe, Papua New Guinea",earthquake,5,1.9,0.082,44,reviewed,us,us
2020-04-24T05:41:56.435Z,-19.8074,-126.5612,10,5.3,mww,,36,6.174,0.79,us,us60009b6q,2020-07-11T22:18:56.040Z,"South Pacific Ocean",earthquake,10.9,1.8,0.089,12,reviewed,us,us
2020-04-24T05:15:21.183Z,24.0324,95.8305,10,4.6,mb,,68,1.411,0.56,us,us60009b6d,2020-07-11T22:18:56.040Z,"Myanmar",earthquake,5.8,1.9,0.098,32,reviewed,us,us
2020-04-24T03:34:23.825Z,37.505,68.5796,10,4.6,mb,,124,0.367,1.27,us,us60009b5a,2020-07-11T22:18:56.040Z,"4 km ENE of Jilikŭl, Tajikistan",earthquake,6.2,1.9,0.053,104,reviewed,us,us
2020-04-24T00:30:35.490Z,13.9075,-93.1469,10,5.4,mww,,59,1.311,0.93,us,us60009b3q,2020-07-11T22:18:56.040Z,"119 km SW of Puerto Madero, Mexico",earthquake,4.4,1.7,0.037,72,reviewed,us,us
2020-04-23T21:55:35.578Z,-14.8029,167.2934,83.71,4.8,mb,,32,6.678,1.09,us,us60009b0l,2020-07-11T22:18:55.040Z,"35 km NE of Port-Olry, Vanuatu",earthquake,8,4.5,0.059,89,reviewed,us,us
2020-04-23T21:19:48.354Z,28.3152,129.5634,35,4.5,mb,,102,1.866,1.1,us,us60009azs,2020-07-11T22:18:55.040Z,"9 km SE of Naze, Japan",earthquake,3.5,2,0.069,61,reviewed,us,us
2020-04-23T20:04:12.198Z,-23.2567,-179.5159,531.42,4.6,mb,,79,5.938,1,us,us60009axt,2020-07-11T22:18:55.040Z,"south of the Fiji Islands",earthquake,11,6.8,0.045,146,reviewed,us,us
2020-04-23T19:52:26.471Z,41.509,141.9289,53.34,5.2,mww,,56,0.97,0.98,us,us60009ax6,2020-07-11T22:18:55.040Z,"64 km ENE of Mutsu, Japan",earthquake,6.4,4.5,0.069,20,reviewed,us,us
2020-04-23T19:48:48.644Z,12.5516,-86.9854,144.25,4.6,mb,,83,0.148,0.96,us,us60009ax1,2020-07-11T22:18:55.040Z,"1 km NW of Posoltega, Nicaragua",earthquake,6.1,3.8,0.039,195,reviewed,us,us
2020-04-23T18:12:24.358Z,-56.2605,-141.7572,10,4.7,mb,,58,27.796,0.8,us,us60009epf,2020-07-11T22:19:19.040Z,"Pacific-Antarctic Ridge",earthquake,15.9,1.8,0.126,19,reviewed,us,us
2020-04-23T17:59:14.679Z,-10.5516,165.9815,123.65,4.6,mb,,104,6.045,0.8,us,us60009epc,2020-07-11T22:19:19.040Z,"27 km NE of Lata, Solomon Islands",earthquake,6.8,8.8,0.122,20,reviewed,us,us
2020-04-23T15:32:16.793Z,46.5727,153.28,10,4.9,mb,,100,7.137,0.82,us,us60009amv,2020-07-11T22:18:54.040Z,"Kuril Islands",earthquake,9.7,1.8,0.028,401,reviewed,us,us
2020-04-23T12:38:03.502Z,-22.0044,169.9935,10,4.6,mb,,147,1.898,0.87,us,us60009ep3,2020-07-11T22:19:19.040Z,"224 km ESE of Tadine, New Caledonia",earthquake,10.5,1.9,0.111,24,reviewed,us,us
2020-04-23T12:31:48.246Z,18.5727,145.6724,193.18,4.7,mb,,36,3.315,0.99,us,us60009akb,2020-07-11T22:18:54.040Z,"Pagan region, Northern Mariana Islands",earthquake,8.6,6.5,0.027,414,reviewed,us,us
2020-04-23T09:04:42.224Z,28.5268,104.8726,10,4.9,mb,,80,4.393,0.84,us,us60009agx,2020-07-11T22:18:54.040Z,"17 km ENE of Xunchang, China",earthquake,9.2,1.8,0.047,142,reviewed,us,us
2020-04-23T05:42:07.047Z,-55.5782,-124.376,10,4.5,mb,,72,30.211,0.6,us,us60009ep2,2020-07-11T22:19:19.040Z,"southern East Pacific Rise",earthquake,13.1,1.9,0.095,32,reviewed,us,us
2020-04-23T05:39:54.813Z,-21.8892,169.8518,10,4.5,mb,,225,1.742,0.51,us,us60009eny,2020-07-11T22:19:19.040Z,"207 km E of Tadine, New Caledonia",earthquake,11.3,2,0.163,11,reviewed,us,us
2020-04-23T04:57:55.683Z,36.2232,137.6534,10,4.6,mwr,,73,0.548,0.79,us,us60009ac4,2020-07-11T22:18:53.040Z,"23 km WSW of Toyoshina, Japan",earthquake,6,1.8,0.086,13,reviewed,us,us
2020-04-23T04:44:23.106Z,36.1663,137.7785,10,5.2,mww,,70,0.511,0.85,us,us60009abc,2020-07-11T22:18:53.040Z,"18 km WNW of Shiojiri, Japan",earthquake,5.2,1,0.068,21,reviewed,us,us
2020-04-23T03:04:51.941Z,-15.7767,167.1913,10,4.5,mb,,143,6.533,0.55,us,us60009enu,2020-07-11T22:19:18.040Z,"27km S of Luganville, Vanuatu",earthquake,12.8,1.9,0.124,19,reviewed,us,us
2020-04-22T23:19:30.540Z,-19.0671,-172.932,10,5,mww,,35,2.841,0.69,us,us60009a72,2020-07-11T22:18:53.040Z,"120 km ESE of Neiafu, Tonga",earthquake,8.5,1.8,0.08,15,reviewed,us,us
2020-04-22T22:31:25.788Z,-22.0797,-175.4957,39.74,5.5,mww,,30,7.444,0.69,us,us60009a5h,2020-07-11T22:18:53.040Z,"100 km SW of ‘Ohonua, Tonga",earthquake,8.5,4.3,0.065,23,reviewed,us,us
2020-04-22T20:22:46.505Z,13.7263,51.6392,10,5.1,mww,,93,8.854,0.78,us,us700091zf,2020-07-11T22:19:22.040Z,"182 km NNW of Kilmia, Yemen",earthquake,8.3,1.8,0.073,18,reviewed,us,us
2020-04-22T19:53:45.791Z,52.2911,160.1669,40.66,4.6,mb,,135,1.179,0.87,us,us700091yk,2020-07-11T22:19:22.040Z,"132 km SE of Petropavlovsk-Kamchatsky, Russia",earthquake,10.5,6.6,0.05,121,reviewed,us,us
2020-04-22T17:21:11.835Z,26.1401,128.6906,19.69,4.8,mb,,62,0.787,0.8,us,us700091vf,2020-07-11T22:19:22.040Z,"84 km ESE of Katsuren-haebaru, Japan",earthquake,6,4.4,0.044,162,reviewed,us,us
2020-04-22T13:00:29.015Z,-21.1898,169.6224,84.26,4.9,mww,,107,1.512,1.16,us,us700091pr,2020-07-11T22:19:21.040Z,"184 km ENE of Tadine, New Caledonia",earthquake,9.7,6,0.08,15,reviewed,us,us
2020-04-22T11:58:19.421Z,-57.9194,-25.6952,56.19,4.6,mb,,78,7.048,0.57,us,us60009dz9,2020-07-11T22:19:16.040Z,"132km NNE of Bristol Island, South Sandwich Islands",earthquake,10.1,4,0.105,27,reviewed,us,us
2020-04-22T07:47:56.734Z,-22.2008,-176.0323,59.57,4.6,mb,,117,6.507,0.41,us,us60009dz0,2020-07-11T22:19:16.040Z,"142 km SW of Vaini, Tonga",earthquake,13.4,8.6,0.125,19,reviewed,us,us
2020-04-22T06:51:01.641Z,46.4812,153.504,10,5.3,mww,,75,7.166,1.2,us,us700091ju,2020-07-11T22:19:21.040Z,"Kuril Islands",earthquake,8.5,1.8,0.089,12,reviewed,us,us
2020-04-22T06:05:45.987Z,34.9829,26.1663,10,4.6,mb,,58,0.989,1.25,us,us700091j3,2020-07-11T22:19:21.040Z,"25 km SSW of Palekastro, Greece",earthquake,6,1.9,0.053,108,reviewed,us,us
2020-04-22T06:02:55.657Z,-23.6297,-179.9386,473.67,4.6,mb,,122,6.149,1.27,us,us60009dyw,2020-07-11T22:19:16.040Z,"south of the Fiji Islands",earthquake,14.2,7.6,0.096,32,reviewed,us,us
2020-04-22T04:37:35.219Z,52.6443,-34.5182,10,4.6,mb,,83,10.395,0.47,us,us700091hq,2020-07-11T22:19:21.040Z,"Reykjanes Ridge",earthquake,10.4,1.9,0.048,130,reviewed,us,us
2020-04-22T03:56:11.461Z,-52.5847,27.6173,10,4.7,mb,,73,19.32,0.92,us,us60009dyr,2020-07-11T22:19:16.040Z,"south of Africa",earthquake,12.3,1.9,0.133,17,reviewed,us,us
2020-04-22T03:19:56.860Z,13.7818,121.0754,10,4.5,mb,,88,0.345,0.59,us,us60009dyp,2020-07-11T22:19:16.040Z,"3 km NNE of Batangas, Philippines",earthquake,6.5,1.8,0.111,24,reviewed,us,us
2020-04-21T23:24:37.768Z,39.3607,71.5363,10,4.7,mb,,51,0.241,1.09,us,us700091dv,2020-07-09T14:31:43.040Z,"13 km N of Karakenja, Tajikistan",earthquake,6,1.8,0.05,122,reviewed,us,us
2020-04-21T21:43:05.819Z,10.3837,125.2061,10,4.7,mb,,90,3.313,0.68,us,us700091bg,2020-07-09T14:31:42.040Z,"5 km NW of Hinundayan, Philippines",earthquake,6.8,1.8,0.062,79,reviewed,us,us
2020-04-21T18:43:48.667Z,-27.3575,-176.9692,52.16,4.8,mb,,70,2.062,0.78,us,us7000919n,2020-07-09T14:31:42.040Z,"Kermadec Islands region",earthquake,9.2,4.6,0.061,95,reviewed,us,us
2020-04-21T16:44:36.643Z,-3.0464,136.2787,40.6,4.6,mb,,57,4.026,0.89,us,us7000913r,2020-07-09T14:31:41.040Z,"93 km ENE of Nabire, Indonesia",earthquake,7.2,6.3,0.074,55,reviewed,us,us
2020-04-21T15:21:16.176Z,-21.98,-179.4242,588.23,4.6,mb,,59,4.836,0.91,us,us7000911m,2020-07-09T14:31:41.040Z,"Fiji region",earthquake,11.6,8.8,0.064,72,reviewed,us,us
2020-04-21T13:41:50.273Z,-9.882,155.1836,10,4.6,mb,,98,7.926,0.57,us,us60009dby,2020-07-09T14:31:41.040Z,"268 km SW of Gizo, Solomon Islands",earthquake,8.7,1.8,0.129,21,reviewed,us,us
2020-04-21T13:14:06.182Z,-6.2721,151.7691,10,4.9,mb,,84,2.104,0.92,us,us7000910b,2020-07-09T14:31:40.040Z,"197 km ESE of Kimbe, Papua New Guinea",earthquake,6.7,1.8,0.057,95,reviewed,us,us
2020-04-21T12:12:16.952Z,36.3646,70.544,168.81,4.6,mb,,112,2.193,0.6,us,us700090zj,2020-07-09T14:31:40.040Z,"61 km SSW of Jurm, Afghanistan",earthquake,6.1,16.6,0.315,3,reviewed,us,us
2020-04-21T10:51:35.758Z,1.2597,126.3959,31.41,4.6,mb,,89,1.084,0.56,us,us700090yf,2020-07-09T14:31:40.040Z,"121 km WNW of Ternate, Indonesia",earthquake,6.9,4.5,0.083,43,reviewed,us,us
2020-04-21T10:30:10.911Z,-6.2886,151.8783,10,4.6,mb,,65,2.102,0.72,us,us700090yc,2020-07-09T14:31:40.040Z,"209 km ESE of Kimbe, Papua New Guinea",earthquake,8.7,1.9,0.08,46,reviewed,us,us
2020-04-21T10:10:20.494Z,-5.9431,151.0769,10,4.6,mb,,144,2.049,0.77,us,us60009dc0,2020-07-09T14:31:40.040Z,"112 km ESE of Kimbe, Papua New Guinea",earthquake,18.1,2,0.132,17,reviewed,us,us
2020-04-21T10:10:06.824Z,-6.0248,151.6031,10,4.5,mb,,112,1.905,0.38,us,us60009dbk,2020-07-09T14:31:40.040Z,"170 km ESE of Kimbe, Papua New Guinea",earthquake,11.2,1.9,0.144,14,reviewed,us,us
2020-04-21T10:09:49.077Z,-6.164,151.4758,10,4.7,mb,,69,2.076,0.8,us,us60009dbl,2020-07-09T14:31:40.040Z,"162 km ESE of Kimbe, Papua New Guinea",earthquake,4.4,1.9,0.094,34,reviewed,us,us
2020-04-21T10:07:59.355Z,-6.3373,151.8395,10,4.7,mb,,126,2.156,0.72,us,us700090xz,2020-07-09T14:31:40.040Z,"207 km ESE of Kimbe, Papua New Guinea",earthquake,6.8,1.8,0.068,65,reviewed,us,us
2020-04-21T09:43:16.894Z,-35.069,101.7302,10,4.6,mb,,97,13.525,0.77,us,us60009dbj,2020-07-09T14:31:39.040Z,"South Indian Ocean",earthquake,13.5,1.9,0.114,23,reviewed,us,us
2020-04-21T09:22:05.131Z,-6.2941,151.2661,10,4.8,mb,,69,2.272,0.38,us,us700090xc,2020-07-09T14:31:39.040Z,"149 km ESE of Kimbe, Papua New Guinea",earthquake,7.8,1.8,0.054,105,reviewed,us,us
2020-04-21T04:52:45.857Z,7.2616,-80.89,10,4.8,mwr,,115,2.16,0.91,us,us700090v1,2020-07-09T14:31:39.040Z,"Panama",earthquake,6.5,1.8,0.066,22,reviewed,us,us
2020-04-21T04:11:49.371Z,-23.421,-179.5885,530.73,4.9,mb,,30,5.988,0.91,us,us700090up,2020-07-09T14:31:38.040Z,"south of the Fiji Islands",earthquake,10,5.3,0.025,526,reviewed,us,us
2020-04-21T01:04:15.939Z,-27.5057,-175.7704,10,4.5,mb,,114,2.573,0.91,us,us60009dbe,2020-07-09T14:31:38.040Z,"Kermadec Islands region",earthquake,9.7,1.9,0.171,10,reviewed,us,us
2020-04-21T00:09:10.636Z,9.3687,92.9668,48.51,4.8,mb,,65,2.283,0.88,us,us700090si,2020-07-09T14:31:37.040Z,"255 km S of Port Blair, India",earthquake,8.1,7.9,0.092,36,reviewed,us,us
2020-04-20T23:47:34.819Z,-8.105,-74.4963,159.93,4.7,mb,,80,1.813,0.7,us,us700090sd,2020-07-09T14:31:37.040Z,"30 km NNE of Pucallpa, Peru",earthquake,7.1,6.6,0.026,460,reviewed,us,us
2020-04-20T23:16:16.647Z,52.7268,-169.6084,10,4.6,mb,,80,0.953,1.17,us,us700090s2,2020-07-09T14:31:37.040Z,"55 km WSW of Nikolski, Alaska",earthquake,5,1.8,0.031,305,reviewed,us,us
2020-04-20T20:13:02.168Z,-35.7227,-105.5744,10,4.5,mb,,127,33.998,1.01,us,us60009ble,2020-07-09T14:31:37.040Z,"southern East Pacific Rise",earthquake,12.3,1.9,0.181,14,reviewed,us,us
2020-04-20T19:59:21.986Z,-8.5415,159.2193,87.44,5.2,mww,,20,1.145,0.93,us,us700090nb,2020-07-09T14:31:36.040Z,"60 km SW of Buala, Solomon Islands",earthquake,7,4.9,0.078,16,reviewed,us,us
2020-04-20T18:38:41.812Z,-3.855,150.1293,7.59,4.7,mb,,78,2.056,0.69,us,us700090lj,2020-07-09T14:31:36.040Z,"159 km SSW of Kavieng, Papua New Guinea",earthquake,7.5,4.8,0.063,77,reviewed,us,us
2020-04-20T18:37:47.818Z,-28.9816,-68.3769,100.13,4.5,mb,,61,1.669,0.86,us,us700090ku,2020-07-09T14:31:36.040Z,"29 km SW of Vinchina, Argentina",earthquake,5.5,7.3,0.078,49,reviewed,us,us
2020-04-20T18:37:15.773Z,-15.4698,-173.7082,76.1,4.6,mb,,45,2.425,0.58,us,us700090lg,2020-07-09T14:31:36.040Z,"54 km N of Hihifo, Tonga",earthquake,8.1,5.8,0.04,190,reviewed,us,us
2020-04-20T18:13:32.752Z,-6.481,143.4235,10,4.6,mb,,86,4.704,0.98,us,us700090ki,2020-07-09T14:31:36.040Z,"44 km SW of Mendi, Papua New Guinea",earthquake,3.3,1.8,0.064,73,reviewed,us,us
2020-04-20T16:54:44.164Z,39.8325,77.3089,10,4.5,mb,,74,1.886,0.39,us,us700090j7,2020-07-09T14:31:36.040Z,"120 km ENE of Kashgar, China",earthquake,8,1.9,0.15,13,reviewed,us,us
2020-04-20T11:51:25.249Z,28.2602,142.9115,10,4.5,mb,,96,1.327,0.5,us,us700090ea,2020-07-09T14:31:35.040Z,"Bonin Islands, Japan region",earthquake,8.5,1.8,0.052,107,reviewed,us,us
2020-04-20T11:38:52.620Z,31.1901,130.3759,156.87,4.7,mb,,35,0.325,0.79,us,us700090e1,2020-07-09T14:31:35.040Z,"10 km SSE of Makurazaki, Japan",earthquake,6.7,4,0.026,458,reviewed,us,us
2020-04-20T08:16:11.954Z,38.3249,70.3277,10,4.5,mb,,63,1.633,0.9,us,us700090bj,2020-07-09T14:31:34.040Z,"35 km NE of Mŭ’minobod, Tajikistan",earthquake,6.9,1.9,0.074,53,reviewed,us,us
2020-04-20T08:11:34.244Z,26.789,126.7018,107.23,4.6,mb,,51,1.404,0.73,us,us700090bh,2020-07-09T14:31:34.040Z,"116 km WNW of Naha, Japan",earthquake,6.3,6.9,0.042,166,reviewed,us,us
2020-04-20T06:26:23.866Z,-3.8733,151.7175,10,4.5,mb,,61,0.545,0.7,us,us60009bkw,2020-07-09T14:31:34.040Z,"61 km NW of Rabaul, Papua New Guinea",earthquake,6.3,1.9,0.101,29,reviewed,us,us
2020-04-20T03:54:49.609Z,64.5898,-17.6556,10,5.1,mww,,74,1.587,0.83,us,us7000908u,2020-07-09T14:31:33.040Z,"123 km WNW of Höfn, Iceland",earthquake,7.6,1.9,0.069,20,reviewed,us,us
2020-04-20T03:25:08.585Z,49.5667,155.3668,69.77,4.6,mb,,117,3.836,0.9,us,us7000908h,2020-07-09T14:31:33.040Z,"134 km SSW of Severo-Kuril’sk, Russia",earthquake,3.7,6.7,0.037,220,reviewed,us,us
2020-04-20T00:34:36.399Z,-15.3448,167.5412,124.35,5.3,mww,,28,6.12,0.77,us,us7000905x,2020-07-09T14:31:33.040Z,"45 km ENE of Luganville, Vanuatu",earthquake,7.4,4.1,0.083,14,reviewed,us,us
2020-04-19T20:39:05.639Z,38.8953,142.0049,38,6.3,mww,,34,2.025,1.18,us,us7000903m,2020-07-09T14:31:32.040Z,"31 km SE of Ōfunato, Japan",earthquake,6.5,1.7,0.05,39,reviewed,us,us
2020-04-19T20:30:47.350Z,6.7758,124.975,10,4.7,mb,,62,0.667,0.78,us,us7000903g,2020-07-09T14:31:32.040Z,"7 km ESE of Bual, Philippines",earthquake,7,1.9,0.096,33,reviewed,us,us
2020-04-19T19:16:22.246Z,-8.906,-109.2263,10,4.6,mb,,163,18.124,1.4,us,us70009024,2020-07-09T14:31:32.040Z,"central East Pacific Rise",earthquake,14.9,1.9,0.053,105,reviewed,us,us
2020-04-19T16:51:20.933Z,-18.3026,169.4012,10,4.7,mb,,93,3.414,0.71,us,us7000900d,2020-07-09T14:31:31.040Z,"131 km ESE of Port-Vila, Vanuatu",earthquake,7.3,1.8,0.102,29,reviewed,us,us
2020-04-19T16:46:56.870Z,-56.2751,-142.7644,10,5,mb,,117,31.03,0.56,us,us60009bi8,2020-07-09T14:31:31.040Z,"Pacific-Antarctic Ridge",earthquake,13.3,1.9,0.141,19,reviewed,us,us
2020-04-19T13:09:31.116Z,4.0231,126.1659,16.73,5.1,mww,,43,3.082,0.97,us,us70008zy6,2020-07-09T14:31:30.040Z,"171 km SSE of Sarangani, Philippines",earthquake,4.8,2.7,0.068,21,reviewed,us,us
2020-04-19T12:00:44.291Z,-56.2764,-27.5723,110.87,4.9,mb,,114,5.473,0.76,us,us70008zxr,2020-07-09T14:31:30.040Z,"South Sandwich Islands region",earthquake,9.5,6.5,0.122,21,reviewed,us,us
2020-04-19T11:41:48.077Z,-31.388,-178.0204,11.87,4.5,mb,,178,2.137,0.96,us,us60009bi0,2020-07-09T14:31:30.040Z,"Kermadec Islands region",earthquake,12.5,7.8,0.204,7,reviewed,us,us
2020-04-19T04:40:24.650Z,-21.3152,-173.5956,10,4.6,mb,,115,4.102,1.31,us,us60009bij,2020-07-09T14:31:29.040Z,"140 km E of ‘Ohonua, Tonga",earthquake,11.7,1.9,0.182,13,reviewed,us,us
2020-04-19T03:45:02.828Z,-30.3613,-177.4563,10,4.8,mb,,188,1.185,0.64,us,us60009bhn,2020-07-09T14:31:28.040Z,"Kermadec Islands, New Zealand",earthquake,6.2,1.9,0.21,7,reviewed,us,us
2020-04-19T03:40:50.410Z,-19.5647,-172.3614,10,4.7,mb,,86,2.349,1.19,us,us70008zpj,2020-07-09T14:31:28.040Z,"198 km ESE of Neiafu, Tonga",earthquake,10.3,1.8,0.072,59,reviewed,us,us
2020-04-19T03:22:40.601Z,-23.6573,69.4572,10,4.6,mb,,81,45.059,0.95,us,us60009bhl,2020-07-09T14:31:28.040Z,"Mid-Indian Ridge",earthquake,10.9,1.8,0.122,20,reviewed,us,us
2020-04-19T01:57:17.931Z,-3.9389,151.6363,10,4.7,mb,,88,0.582,0.98,us,us70008zn5,2020-07-09T14:31:28.040Z,"65 km WNW of Rabaul, Papua New Guinea",earthquake,3.8,1.9,0.06,83,reviewed,us,us
2020-04-19T01:12:59.304Z,-18.4452,-174.4217,89.25,4.6,mb,,76,4.304,1.21,us,us70008zn1,2020-07-09T14:31:28.040Z,"51 km WNW of Neiafu, Tonga",earthquake,10.9,5.3,0.105,27,reviewed,us,us
2020-04-18T22:55:47.636Z,-30.4118,-177.5334,10,4.6,mb,,188,1.212,0.55,us,us60009bek,2020-07-09T14:31:27.040Z,"Kermadec Islands, New Zealand",earthquake,10.7,1.8,0.182,9,reviewed,us,us
2020-04-18T22:34:13.528Z,14.3484,144.3112,10,4.6,mb,,86,0.928,0.69,us,us70008zkv,2020-07-09T14:31:27.040Z,"106 km NNW of Piti Village, Guam",earthquake,4.2,1.9,0.09,37,reviewed,us,us
2020-04-18T22:22:49.670Z,-30.2096,-177.571,10,4.7,mb,,138,1.01,0.71,us,us60009bep,2020-07-09T14:31:27.040Z,"Kermadec Islands, New Zealand",earthquake,4.7,1.9,0.184,9,reviewed,us,us
2020-04-18T22:22:00.401Z,-30.3895,-177.6621,10,4.8,mb,,115,1.164,0.61,us,us70008zk8,2020-07-09T14:31:27.040Z,"Kermadec Islands, New Zealand",earthquake,10.7,1.8,0.113,24,reviewed,us,us
2020-04-18T22:19:04.562Z,-30.3648,-177.6128,10,4.9,mb,,123,1.149,0.54,us,us70008zk7,2020-07-09T14:31:27.040Z,"Kermadec Islands, New Zealand",earthquake,6.3,1.8,0.095,35,reviewed,us,us
2020-04-18T21:09:07.949Z,-30.416,-177.6631,35.16,5,mww,,108,1.189,0.72,us,us70008zja,2020-07-09T14:31:27.040Z,"Kermadec Islands, New Zealand",earthquake,8.9,4.8,0.089,12,reviewed,us,us
2020-04-18T20:53:32.367Z,-23.7334,69.2141,10,4.5,mb,,73,13.063,0.72,us,us60009beg,2020-07-09T14:31:27.040Z,"Mid-Indian Ridge",earthquake,12.6,1.9,0.102,28,reviewed,us,us
2020-04-18T18:05:29.589Z,-23.7571,69.4991,10,4.8,mb,,70,12.98,0.87,us,us70008zhd,2020-07-09T14:31:26.040Z,"Mid-Indian Ridge",earthquake,10.3,1.8,0.046,147,reviewed,us,us
2020-04-18T17:58:21.307Z,-30.4258,-177.4324,11,4.8,mb,,136,1.253,0.67,us,us60009beb,2020-07-09T14:31:26.040Z,"Kermadec Islands, New Zealand",earthquake,7.4,4.4,0.1,39,reviewed,us,us
2020-04-18T17:45:37.585Z,0.366,125.4773,57.99,4.8,mww,,27,1.931,1.11,us,us70008zgj,2020-07-09T14:31:26.040Z,"121 km SSE of Tondano, Indonesia",earthquake,6,5,0.093,11,reviewed,us,us
2020-04-18T12:29:28.408Z,-19.8313,-172.4574,10,4.5,mb,,171,2.502,0.92,us,us60009bdz,2020-07-09T14:31:25.040Z,"198 km E of Pangai, Tonga",earthquake,11.9,1.9,0.131,17,reviewed,us,us
2020-04-18T09:24:18.247Z,27.2034,140.0712,473.69,5.7,mww,,28,1.886,0.99,us,us70008za4,2020-07-09T14:31:25.040Z,"Bonin Islands, Japan region",earthquake,9,4.1,0.08,15,reviewed,us,us
2020-04-18T08:27:50.753Z,-27.7021,-67.8309,128.02,4.6,mb,,79,1.442,1.2,us,us70008z8a,2020-07-09T14:31:25.040Z,"21 km W of Fiambalá, Argentina",earthquake,6.4,8.4,0.136,16,reviewed,us,us
2020-04-18T08:25:37.052Z,27.1264,140.1349,453,6.6,mww,,28,1.827,0.85,us,us70008z89,2020-07-09T14:31:24.040Z,"Bonin Islands, Japan region",earthquake,8.6,2,0.045,48,reviewed,us,us
2020-04-18T07:34:43.668Z,-23.6944,69.5278,10,4.8,mb,,149,20.586,0.64,us,us70008z81,2020-07-09T14:31:24.040Z,"Mid-Indian Ridge",earthquake,13.1,1.9,0.088,40,reviewed,us,us
2020-04-18T04:36:36.381Z,-18.3663,169.3843,10,4.6,mb,,84,3.35,0.74,us,us60009bdn,2020-07-09T14:31:24.040Z,"130 km N of Isangel, Vanuatu",earthquake,10.8,1.9,0.158,12,reviewed,us,us
2020-04-18T03:51:02.631Z,-19.539,-172.4895,10,4.6,mb,,137,2.463,0.72,us,us60009bdj,2020-07-09T14:31:24.040Z,"185 km ESE of Neiafu, Tonga",earthquake,12.4,1.9,0.141,15,reviewed,us,us
2020-04-18T03:31:54.979Z,-19.1249,-172.4382,10,4.7,mb,,135,2.375,0.68,us,us70008z4d,2020-07-09T14:31:23.040Z,"171 km ESE of Neiafu, Tonga",earthquake,8.3,1.9,0.115,23,reviewed,us,us
2020-04-18T02:08:09.541Z,-0.9739,-22.2167,10,4.8,mb,,52,10.443,0.77,us,us70008z2x,2020-07-09T14:31:23.040Z,"central Mid-Atlantic Ridge",earthquake,10.5,1.8,0.053,111,reviewed,us,us
2020-04-17T23:33:51.050Z,18.6644,145.9126,149.64,4.6,mb,,96,3.406,0.68,us,us70008z0b,2020-07-09T14:31:23.040Z,"Pagan region, Northern Mariana Islands",earthquake,10.2,7.2,0.033,270,reviewed,us,us
2020-04-17T16:30:48.433Z,-23.7004,69.4374,10,5.8,mww,,33,16.453,1.1,us,us70008yn9,2020-07-09T14:31:21.040Z,"Mid-Indian Ridge",earthquake,5.1,1.8,0.051,37,reviewed,us,us
2020-04-17T16:05:40.797Z,-6.2497,151.6462,10,4.6,mb,,154,2.108,1.17,us,us70008yld,2020-07-09T14:31:21.040Z,"184 km ESE of Kimbe, Papua New Guinea",earthquake,8,1.8,0.056,96,reviewed,us,us
2020-04-17T14:56:54.932Z,65.8617,-37.6226,10,4.6,mb,,47,0.246,0.67,us,us70008yib,2020-07-09T14:31:20.040Z,"27 km N of Tasiilaq, Greenland",earthquake,4,1.9,0.042,170,reviewed,us,us
2020-04-17T14:06:48.531Z,10.6016,142.8205,10,4.6,mb,,79,3.581,0.79,us,us70008yhc,2020-07-09T14:31:20.040Z,"268 km ENE of Fais, Micronesia",earthquake,9.4,1.9,0.074,55,reviewed,us,us
2020-04-17T12:28:52.050Z,52.6916,-34.5211,10,4.5,mb,,136,14.863,0.52,us,us70008ygj,2020-07-09T14:31:19.040Z,"Reykjanes Ridge",earthquake,13.6,1.9,0.068,62,reviewed,us,us
2020-04-17T12:18:32.130Z,-62.1064,-56.6606,10,4.6,mb,,63,0.948,0.6,us,us60009asb,2020-07-09T14:31:19.040Z,"South Shetland Islands",earthquake,5.8,1.9,0.107,26,reviewed,us,us
2020-04-17T12:05:07.451Z,52.7452,-34.6262,10,5.3,mww,,47,10.274,0.54,us,us70008yfh,2020-07-09T14:31:19.040Z,"Reykjanes Ridge",earthquake,9.5,1.8,0.059,28,reviewed,us,us
2020-04-17T11:41:24.749Z,-6.5167,152.2372,10,4.5,mb,,152,2.311,0.39,us,us70008yf1,2020-07-09T14:31:19.040Z,"240 km S of Kokopo, Papua New Guinea",earthquake,7.1,1.9,0.121,20,reviewed,us,us
2020-04-17T06:26:55.397Z,-6.1708,151.6689,10,4.7,mb,,153,2.027,1.02,us,us70008y8x,2020-07-09T14:31:17.040Z,"182 km ESE of Kimbe, Papua New Guinea",earthquake,6,1.9,0.108,26,reviewed,us,us
2020-04-17T05:06:32.768Z,51.9067,179.7115,144.63,4.7,mb,,95,0.017,0.75,us,us70008y6d,2020-07-09T14:31:17.040Z,"Rat Islands, Aleutian Islands, Alaska",earthquake,7.4,4.9,0.082,45,reviewed,us,us
2020-04-17T04:49:45.028Z,9.06,-74.3237,47.34,4.5,mb,,33,4.187,0.94,us,us70008y5u,2020-07-09T14:31:17.040Z,"northern Colombia",earthquake,7.7,6.8,0.099,30,reviewed,us,us
2020-04-17T02:39:02.160Z,46.3267,150.5936,72.26,4.5,mb,,114,5.431,0.85,us,us70008y36,2020-07-09T14:31:16.040Z,"Kuril Islands",earthquake,8.8,5.9,0.035,236,reviewed,us,us
2020-04-17T01:57:45.897Z,2.4111,128.3582,65.63,4.5,mb,,106,1.906,0.5,us,us60009arw,2020-07-09T14:31:16.040Z,"84 km NNE of Tobelo, Indonesia",earthquake,3.9,8.7,0.156,12,reviewed,us,us
2020-04-17T00:30:06.208Z,36.3494,70.6608,159.32,4.7,mb,,76,2.149,0.8,us,us70008y1j,2020-07-09T14:31:15.040Z,"36km NNW of `Alaqahdari-ye Kiran wa Munjan, Afghanistan",earthquake,6.8,10.2,0.225,6,reviewed,us,us
2020-04-17T00:22:45.357Z,55.9717,-153.3077,7.3,5.4,ml,,,,0.65,ak,ak0204ym6afq,2020-12-25T00:32:53.196Z,"128km ENE of Chirikof Island, Alaska",earthquake,,2.2,,,reviewed,ak,ak
2020-04-16T23:22:46.682Z,-23.8824,-179.8269,513.96,4.6,mb,,98,5.604,0.88,us,us70008y0t,2020-07-09T14:31:15.040Z,"south of the Fiji Islands",earthquake,13.1,9.1,0.09,37,reviewed,us,us
2020-04-16T21:23:51.110Z,26.0784,128.476,10,5,mb,,54,0.776,0.78,us,us60009api,2020-07-09T14:31:15.040Z,"66 km ESE of Katsuren-haebaru, Japan",earthquake,5,1.8,0.045,156,reviewed,us,us
2020-04-16T21:22:29.788Z,26.0062,128.5665,10,5.3,mww,,32,0.867,0.83,us,us70008xxx,2020-07-09T14:31:15.040Z,"78 km ESE of Katsuren-haebaru, Japan",earthquake,5.1,1.8,0.08,15,reviewed,us,us
2020-04-16T21:03:26.306Z,52.7753,-34.4454,10,4.5,mb,,38,10.305,0.68,us,us70008xy8,2020-07-09T14:31:14.040Z,"Reykjanes Ridge",earthquake,5.6,1.9,0.052,110,reviewed,us,us
2020-04-16T19:55:59.769Z,52.6537,-34.7727,10,4.5,mb,,162,14.708,0.77,us,us70008xvf,2020-07-09T14:31:14.040Z,"Reykjanes Ridge",earthquake,4.3,2,0.067,65,reviewed,us,us
2020-04-16T19:23:22.342Z,-23.0343,-175.0553,10,4.6,mb,,130,14.28,0.61,us,us60009apf,2020-07-09T14:31:14.040Z,"188 km S of ‘Ohonua, Tonga",earthquake,11.4,1.9,0.182,11,reviewed,us,us
2020-04-16T17:38:23.073Z,-10.3678,161.25,45.76,5,mww,,64,1.581,0.83,us,us70008xqe,2020-07-09T14:31:13.040Z,"74 km W of Kirakira, Solomon Islands",earthquake,7.7,3.3,0.098,10,reviewed,us,us
2020-04-16T15:13:05.664Z,-37.9731,-73.7707,11.25,5.1,mww,,41,1.307,0.9,us,us70008xkv,2020-07-09T14:31:13.040Z,"38 km WSW of Cañete, Chile",earthquake,2.8,2.9,0.062,25,reviewed,us,us
2020-04-16T12:58:11.298Z,-60.353,-26.8672,10,4.6,mb,,65,8.001,0.7,us,us70008xik,2020-07-09T14:31:12.040Z,"South Sandwich Islands region",earthquake,12.2,1.8,0.091,36,reviewed,us,us
2020-04-16T11:53:01.650Z,22.7356,94.0722,10,4.5,mb,,98,0.446,0.96,us,us60009ap6,2020-07-09T14:31:12.040Z,"45 km ESE of Falam, Myanmar",earthquake,4.9,1.9,0.136,16,reviewed,us,us
2020-04-16T11:45:23.960Z,22.8004,94.0292,10,5.9,mww,,25,0.426,0.93,us,us70008xhp,2020-07-09T14:31:12.040Z,"38 km ESE of Falam, Myanmar",earthquake,6.3,1.7,0.055,32,reviewed,us,us
2020-04-16T09:42:53.444Z,44.7,9.4064,10,4.5,mb,,33,0.649,1,us,us70008xgd,2020-07-09T14:31:12.040Z,"2 km SE of Marsaglia, Italy",earthquake,4.2,1.9,0.081,45,reviewed,us,us
2020-04-16T08:54:41.367Z,23.9022,142.7619,35,4.5,mb,,110,3.222,0.8,us,us60009ap1,2020-07-09T14:31:12.040Z,"Volcano Islands, Japan region",earthquake,9.8,2,0.11,24,reviewed,us,us
2020-04-16T08:22:50.462Z,-6.3152,151.9432,10,4.7,mb,,67,2.121,0.82,us,us60009ap0,2020-07-09T14:31:11.040Z,"217 km ESE of Kimbe, Papua New Guinea",earthquake,8.3,1.9,0.095,34,reviewed,us,us
2020-04-16T08:21:54.763Z,-16.2879,178.3742,10,5.2,mww,,73,1.481,0.64,us,us70008xf4,2020-07-09T14:31:11.040Z,"107 km W of Labasa, Fiji",earthquake,7.5,1.8,0.093,11,reviewed,us,us
2020-04-16T08:15:20.636Z,-60.4237,-27.0364,10,5.1,mb,,64,7.994,0.83,us,us70008xeu,2020-07-09T14:31:11.040Z,"South Sandwich Islands region",earthquake,10.2,1.8,0.058,97,reviewed,us,us
2020-04-16T08:04:37.829Z,16.9591,-85.6851,12,6.1,mww,,30,3.342,0.97,us,us70008xeb,2020-08-10T21:03:14.394Z,"59 km NNE of Savannah Bight, Honduras",earthquake,6.2,1.8,0.035,77,reviewed,us,us
2020-04-16T05:29:17.559Z,-13.0582,167.06,182.49,4.8,mb,,57,2.378,0.73,us,us70008xc6,2020-07-09T14:31:11.040Z,"104 km NNW of Sola, Vanuatu",earthquake,11.7,5.5,0.045,150,reviewed,us,us
2020-04-16T05:12:38.416Z,-58.0244,-25.6697,49.09,5.3,mww,,38,7.108,0.64,us,us70008xc0,2020-07-09T14:31:11.040Z,"South Sandwich Islands region",earthquake,9.8,4.7,0.071,19,reviewed,us,us
2020-04-16T02:18:01.618Z,37.0392,141.2857,35,4.6,mb,,116,1.194,0.85,us,us70008x9u,2020-07-09T14:31:10.040Z,"35 km E of Iwaki, Japan",earthquake,7.1,1.9,0.051,115,reviewed,us,us
2020-04-16T02:08:30.419Z,6.975,127.2412,10,4.5,mb,,117,1.652,0.59,us,us60009anq,2020-07-09T14:31:10.040Z,"81 km ESE of Santiago, Philippines",earthquake,8.8,1.9,0.135,16,reviewed,us,us
2020-04-16T01:33:42.693Z,-60.2502,-47.483,10,4.6,mb,,80,5.502,0.64,us,us60009anw,2020-07-09T14:31:10.040Z,"Scotia Sea",earthquake,11.5,1.8,0.097,32,reviewed,us,us
2020-04-15T23:37:44.171Z,-8.3013,116.9375,10,4.7,mb,,25,2.761,0.65,us,us70008x7g,2020-07-09T14:31:09.040Z,"37 km NE of Labuan Lombok, Indonesia",earthquake,5.6,1.8,0.071,60,reviewed,us,us
2020-04-15T22:42:16.767Z,-5.3591,152.7397,17.15,5.2,mww,,31,1.294,0.56,us,us70008x6c,2020-07-09T14:31:09.040Z,"123 km SSE of Kokopo, Papua New Guinea",earthquake,6.7,3.4,0.078,16,reviewed,us,us
2020-04-15T22:32:12.464Z,-17.917,66.2684,10,4.6,mb,,72,10.736,0.91,us,us700091tb,2020-07-09T14:31:09.040Z,"Mauritius - Reunion region",earthquake,7.5,1.8,0.101,29,reviewed,us,us
2020-04-15T22:29:49.386Z,40.7878,83.3562,10,4.5,mb,,61,3.16,0.98,us,us70008x61,2020-07-09T14:31:09.040Z,"110 km SSE of Kuqa, China",earthquake,7.7,1.9,0.08,46,reviewed,us,us
2020-04-15T21:46:44.772Z,-6.2464,151.663,10,4.9,mb,,30,2.101,0.46,us,us70008x4w,2020-07-09T14:31:09.040Z,"185 km ESE of Kimbe, Papua New Guinea",earthquake,6.8,0.5,0.069,66,reviewed,us,us
2020-04-15T21:15:55.040Z,-59.784,-26.4086,82.13,4.9,mb,,74,14.915,0.71,us,us700091t7,2020-07-09T14:31:09.040Z,"South Sandwich Islands region",earthquake,11.4,6.4,0.102,30,reviewed,us,us
2020-04-15T21:13:21.939Z,-6.2318,151.7804,8.83,4.7,mb,,195,2.062,0.56,us,us700091t6,2020-07-09T14:31:09.040Z,"196 km ESE of Kimbe, Papua New Guinea",earthquake,12,8.8,0.117,22,reviewed,us,us
2020-04-15T21:10:52.477Z,-9.433,-80.0244,10,4.5,mb,,163,2.795,0.84,us,us70008x3j,2020-07-09T14:31:09.040Z,"159 km WSW of Puerto Santa, Peru",earthquake,4.3,2,0.115,22,reviewed,us,us
2020-04-15T21:03:38.115Z,1.1073,126.6767,41.39,5.7,mww,,24,0.766,0.78,us,us70008x2q,2020-07-09T14:31:08.040Z,"86 km WNW of Ternate, Indonesia",earthquake,5.8,4.4,0.066,22,reviewed,us,us
2020-04-15T18:43:39.587Z,52.1675,160.621,10,5,mb,,82,1.476,1.38,us,us70008wyy,2020-07-09T14:31:08.040Z,"165 km SE of Petropavlovsk-Kamchatsky, Russia",earthquake,6.8,1.8,0.029,381,reviewed,us,us
2020-04-15T17:45:42.791Z,-19.2936,-172.7835,10,4.9,mb,,79,2.708,1.07,us,us700091sx,2020-07-09T14:31:08.040Z,"145 km ESE of Neiafu, Tonga",earthquake,5,1.9,0.108,27,reviewed,us,us
2020-04-15T15:05:52.318Z,-0.2856,-18.6492,10,4.6,mb,,94,8.716,0.9,us,us70008wtt,2020-07-09T14:31:07.040Z,"central Mid-Atlantic Ridge",earthquake,9.4,1.9,0.132,17,reviewed,us,us
2020-04-15T13:40:48.935Z,-8.3761,38.6226,10,4.7,mb,,64,6.005,0.76,us,us70008wrp,2020-07-09T14:31:07.040Z,"45 km SSW of Utete, Tanzania",earthquake,9.8,1.9,0.087,40,reviewed,us,us
2020-04-15T13:30:36.460Z,10.7398,-86.1658,41.62,5,mww,,136,0.772,0.91,us,us70008wrd,2020-07-09T14:31:07.040Z,"61 km WNW of Sardinal, Costa Rica",earthquake,6.7,4.5,0.11,8,reviewed,us,us
2020-04-15T10:59:28.999Z,9.0335,-74.4338,53,5.7,mww,,20,4.162,0.99,us,us70008wpb,2020-07-09T14:31:07.040Z,"13 km NNE of Pinillos, Colombia",earthquake,7.3,1.9,0.04,59,reviewed,us,us
2020-04-15T10:29:17.378Z,52.1437,160.4388,10,4.5,mb,,122,1.402,1.05,us,us70008wny,2020-07-09T14:31:06.040Z,"157 km SE of Petropavlovsk-Kamchatsky, Russia",earthquake,6.4,1.9,0.067,64,reviewed,us,us
2020-04-15T10:11:33.619Z,-41.264,-84.7194,10,4.6,mb,,138,8.93,0.95,us,us70008wnm,2020-07-09T14:31:06.040Z,"West Chile Rise",earthquake,10.3,1.9,0.068,65,reviewed,us,us
2020-04-15T09:44:43.016Z,15.17,-94.1893,41.41,5,mww,,129,1.076,0.79,us,us70008wn7,2020-07-09T14:31:06.040Z,"95 km SSW of Doctor Belisario Domínguez (La Barra), Mexico",earthquake,5.6,4.8,0.055,32,reviewed,us,us
2020-04-15T09:18:51.078Z,-19.7141,-70.4857,64.3,4.6,mwr,,114,0.361,0.9,us,us70008wmb,2020-07-09T14:31:06.040Z,"65 km NNW of Iquique, Chile",earthquake,4.6,2.3,0.044,50,reviewed,us,us
2020-04-15T08:18:38.002Z,35.8341,35.545,10,4.5,mb,,52,1.892,1.19,us,us70008wl9,2020-07-09T14:31:06.040Z,"40 km NNW of Latakia, Syria",earthquake,5.6,1.9,0.081,44,reviewed,us,us
2020-04-15T07:40:05.467Z,35.8628,35.525,10,4.6,mb,,52,1.883,0.88,us,us70008wkw,2020-07-09T14:31:06.040Z,"43 km NNW of Latakia, Syria",earthquake,4.6,1.7,0.045,149,reviewed,us,us
2020-04-15T07:35:04.396Z,-30.5302,-178.1489,39.7,4.6,mb,,130,1.295,0.79,us,us700091sh,2020-07-09T14:31:06.040Z,"Kermadec Islands, New Zealand",earthquake,9.8,4.8,0.151,13,reviewed,us,us
2020-04-15T07:28:04.387Z,26.2709,128.9062,10,4.7,mww,,72,0.799,0.93,us,us70008wkm,2020-07-09T14:31:06.040Z,"99 km ESE of Nago, Japan",earthquake,5.2,0.9,0.08,15,reviewed,us,us
2020-04-15T07:19:04.792Z,26.281,128.9238,10,5,mww,,39,0.803,1.06,us,us70008wke,2020-07-09T14:31:06.040Z,"100 km ESE of Nago, Japan",earthquake,5.1,1.8,0.075,17,reviewed,us,us
2020-04-15T07:11:04.854Z,-19.8545,148.77,10,5,mb,,31,2.381,1.33,us,us70008wkb,2020-07-09T14:31:06.040Z,"57 km ENE of Bowen, Australia",earthquake,4.1,1.8,0.102,31,reviewed,us,us
2020-04-15T07:05:03.775Z,-15.2081,-173.3807,21.81,5.3,mww,,56,2.015,1.16,us,us70008wk9,2020-07-09T14:31:06.040Z,"93 km NNE of Hihifo, Tonga",earthquake,7.4,3.1,0.078,16,reviewed,us,us
2020-04-15T02:01:05.957Z,20.0079,122.0526,10,5.1,mww,,47,2.939,0.82,us,us70008wgi,2020-07-09T14:31:06.040Z,"49 km S of Basco, Philippines",earthquake,7,1.9,0.086,13,reviewed,us,us
2020-04-15T01:15:34.836Z,-26.8817,-63.4139,561.96,5.2,mww,,22,5.105,0.8,us,us70008wfj,2020-07-09T14:31:05.040Z,"24 km NW of El Hoyo, Argentina",earthquake,9.4,4.9,0.059,28,reviewed,us,us
2020-04-15T01:07:56.375Z,11.3947,125.1117,121.11,4.9,mb,,56,4.322,0.75,us,us70008wff,2020-07-09T14:31:05.040Z,"4 km N of Guirang, Philippines",earthquake,8.2,6.1,0.063,78,reviewed,us,us
2020-04-15T00:19:02.070Z,-20.2065,-69.2021,95.47,4.8,mww,,56,0.079,1.04,us,us70008we3,2020-07-09T14:31:05.040Z,"99 km E of Iquique, Chile",earthquake,4.9,3.7,0.098,10,reviewed,us,us
2020-04-14T19:36:18.953Z,3.7874,96.1114,52.45,4.7,mb,,38,1.656,0.68,us,us70008w7k,2020-06-30T14:03:10.040Z,"38km S of Meulaboh, Indonesia",earthquake,8.3,5.5,0.068,72,reviewed,us,us
2020-04-14T19:20:33.501Z,2.6927,128.2636,57.92,4.9,mb,,48,2.108,0.84,us,us70008w71,2020-06-30T14:03:10.040Z,"110km NNE of Tobelo, Indonesia",earthquake,3.5,6.2,0.039,208,reviewed,us,us
2020-04-14T18:54:42.259Z,-44.4432,-79.6811,10,4.9,mww,,116,4.554,1.03,us,us70008w6b,2020-06-30T14:03:10.040Z,"Off the coast of Aisen, Chile",earthquake,7.4,1.9,0.075,17,reviewed,us,us
2020-04-14T18:17:37.278Z,-30.8277,-178.5258,105.16,4.8,mb,,72,1.66,0.79,us,us70008w67,2020-06-30T14:03:10.040Z,"76km NNE of L'Esperance Rock, New Zealand",earthquake,11.9,5.9,0.095,39,reviewed,us,us
2020-04-14T16:02:10.301Z,-33.8886,-70.4776,108.38,4.9,mww,,44,0.148,0.67,us,us70008w2i,2020-06-30T14:03:10.040Z,"26km ESE of Paine, Chile",earthquake,4.6,3.9,0.078,16,reviewed,us,us
2020-04-14T15:10:18.568Z,-3.2442,128.8654,10,4.5,mb,,39,3.364,0.59,us,us70008w1c,2020-06-30T14:03:09.040Z,"11km NNW of Amahai, Indonesia",earthquake,6.4,1.9,0.085,41,reviewed,us,us
2020-04-14T15:04:51.773Z,-30.759,-177.9042,35,4.8,mb,,129,1.509,0.62,us,us70008w1b,2020-06-30T14:03:09.040Z,"120km NE of L'Esperance Rock, New Zealand",earthquake,10.4,1.9,0.101,33,reviewed,us,us
2020-04-14T14:29:07.817Z,-60.6564,-26.561,10,4.6,mb,,60,8.325,0.82,us,us7000912z,2020-06-30T14:03:17.040Z,"180km S of Bristol Island, South Sandwich Islands",earthquake,8.5,1.8,0.207,7,reviewed,us,us
2020-04-14T12:04:33.699Z,-25.7639,-69.5294,33.1,4.9,mww,,64,1.035,0.81,us,us70008vze,2020-06-30T14:03:09.040Z,"84km NE of Diego de Almagro, Chile",earthquake,3.9,3.5,0.08,15,reviewed,us,us
2020-04-14T07:27:55.772Z,-15.3148,-176.4295,10,4.9,mb,,82,1.918,1.15,us,us70008vwf,2020-06-30T14:03:08.040Z,"218km ESE of Sigave, Wallis and Futuna",earthquake,10.7,1.8,0.043,171,reviewed,us,us
2020-04-14T06:31:49.859Z,7.1792,143.2839,10,5.2,mww,,58,6.557,0.83,us,us70008vvz,2020-06-30T14:03:08.040Z,"60km NNE of Eauripik, Micronesia",earthquake,8.9,1.8,0.068,21,reviewed,us,us
2020-04-14T04:10:18.259Z,40.0326,84.5004,10,4.5,mb,,68,4.187,0.54,us,us70008vum,2020-06-30T14:03:08.040Z,"229km SE of Kuqa, China",earthquake,5.9,1.9,0.121,20,reviewed,us,us
2020-04-14T02:46:26.348Z,45.3319,149.9906,51.24,5,mww,,84,5.281,0.48,us,us70008vu4,2020-06-30T14:03:07.040Z,"165km E of Kuril'sk, Russia",earthquake,8.6,4.3,0.08,15,reviewed,us,us
2020-04-14T02:37:09.750Z,-6.3654,152.0399,10,4.5,mb,,114,2.163,0.73,us,us7000912e,2020-06-30T14:03:17.040Z,"224km S of Kokopo, Papua New Guinea",earthquake,7.5,1.9,0.171,10,reviewed,us,us
2020-04-14T01:27:03.362Z,-17.9895,169.024,224.66,4.8,mb,,75,3.071,0.77,us,us70008vsx,2020-06-30T14:03:07.040Z,"79km ESE of Port-Vila, Vanuatu",earthquake,8.6,6.9,0.07,62,reviewed,us,us
2020-04-14T01:06:47.913Z,-30.3889,-176.3478,31,6,mww,,14,1.785,0.71,us,us70008vsp,2020-06-30T14:03:07.040Z,"194km SE of Raoul Island, New Zealand",earthquake,7.4,1.8,0.042,54,reviewed,us,us
2020-04-14T01:02:11.217Z,-33.0649,-178.2799,10,4.5,mb,,77,6.743,0.64,us,us7000912b,2020-06-30T14:03:17.040Z,"190km SSE of L'Esperance Rock, New Zealand",earthquake,12.5,1.9,0.172,10,reviewed,us,us
2020-04-13T20:44:19.546Z,4.0085,-76.2402,156.54,4.6,mb,,115,2.086,0.93,us,us700090hk,2020-06-30T14:03:17.040Z,"2km NW of San Pedro, Colombia",earthquake,8.1,4.9,0.122,20,reviewed,us,us
2020-04-13T18:45:31.582Z,-29.2473,-67.9992,106.75,4.8,mwr,,30,1.963,1,us,us70008vkz,2020-06-30T14:03:06.040Z,"49km W of Chilecito, Argentina",earthquake,6.4,4.3,,,reviewed,us,guc
2020-04-13T14:59:35.531Z,0.2905,126.8276,38.49,5,mb,,44,0.72,0.85,us,us70008vi8,2020-06-30T14:03:05.040Z,"81km SW of Kota Ternate, Indonesia",earthquake,6.1,5.7,0.052,118,reviewed,us,us
2020-04-13T13:18:27.874Z,-14.2634,-73.2125,69.79,5.2,mww,,65,4.197,1.14,us,us70008vh3,2020-06-30T14:03:05.040Z,"69km SSE of Andahuaylas, Peru",earthquake,8,5.2,0.054,33,reviewed,us,us
2020-04-13T06:44:26.940Z,3.7387,125.388,42.32,5,mb,,44,3.314,0.56,us,us70008vcy,2020-06-30T14:03:04.040Z,"184km S of Sarangani, Philippines",earthquake,7.3,2,0.052,118,reviewed,us,us
2020-04-13T01:42:52.499Z,48.2516,154.3212,52.46,5,mww,,110,5.315,0.74,us,us70008v9d,2020-06-30T14:03:03.040Z,"299km SSW of Severo-Kuril'sk, Russia",earthquake,9.5,4.9,0.08,15,reviewed,us,us
2020-04-12T17:50:14.925Z,-24.3984,-174.8289,10,4.6,mb,,94,5.565,0.85,us,us70008yme,2020-06-30T14:03:15.040Z,"South of Tonga",earthquake,13.5,1.9,0.145,16,reviewed,us,us
2020-04-12T17:45:20.304Z,-33.0285,89.1037,10,4.5,mb,,161,40.266,0.53,us,us70008ym7,2020-06-30T14:03:15.040Z,"South Indian Ocean",earthquake,12.9,1.9,0.164,11,reviewed,us,us
2020-04-12T15:49:40.900Z,-60.9669,-23.947,10,4.8,mb,,62,13.57,0.71,us,us70008ym4,2020-06-30T14:03:14.040Z,"258km SSE of Bristol Island, South Sandwich Islands",earthquake,8.2,1.8,0.143,22,reviewed,us,us
2020-04-12T13:28:31.005Z,-19.2494,-172.661,10,4.7,mb,,93,2.589,0.85,us,us70008uvb,2020-06-30T14:03:02.040Z,"154km ESE of Neiafu, Tonga",earthquake,6.9,1.9,0.114,26,reviewed,us,us
2020-04-12T13:11:51.635Z,41.735,141.9682,46.3,4.6,mb,,133,1.164,0.48,us,us70008uuw,2020-06-30T14:03:02.040Z,"74km SSW of Shizunai, Japan",earthquake,7.6,6.6,0.045,149,reviewed,us,us
2020-04-12T12:47:45.711Z,-4.229,152.0275,10,4.8,mb,,68,0.14,1.02,us,us70008uui,2020-06-30T14:03:02.040Z,"16km WSW of Rabaul, Papua New Guinea",earthquake,4.1,1.9,0.113,24,reviewed,us,us
2020-04-12T12:31:13.698Z,7.3954,-77.1263,47.51,4.8,mb,,90,3.208,0.72,us,us70008uu4,2020-06-30T14:03:02.040Z,"5km SSW of Riosucio, Colombia",earthquake,9.1,8.4,0.071,62,reviewed,us,us
2020-04-12T12:25:10.152Z,-4.211,151.9344,10,5.1,mww,,54,0.229,0.75,us,us70008utw,2020-06-30T14:03:02.040Z,"26km W of Rabaul, Papua New Guinea",earthquake,9.4,1.9,0.078,16,reviewed,us,us
2020-04-12T11:36:40.880Z,24.0188,122.2244,38.27,4.6,mwr,,88,0.595,0.71,us,us70008ut2,2020-06-30T14:03:02.040Z,"63km E of Hualian, Taiwan",earthquake,3.6,7.4,0.08,15,reviewed,us,us
2020-04-12T11:33:16.614Z,-5.3565,152.574,10,5,mww,,100,1.227,0.81,us,us70008ut0,2020-06-30T14:03:01.040Z,"110km SSW of Taron, Papua New Guinea",earthquake,8.2,1.9,0.086,13,reviewed,us,us
2020-04-12T11:22:34.577Z,17.8508,145.7301,186.6,4.6,mb,,129,2.596,0.51,us,us70008uta,2020-06-30T14:03:02.040Z,"29km S of Pagan, Northern Mariana Islands",earthquake,10,7.5,0.095,33,reviewed,us,us
2020-04-12T06:57:47.541Z,-36.9558,77.393,10,6.1,mww,,23,0.85,0.84,us,us70008um8,2020-06-30T14:03:01.040Z,"97km N of Amsterdam Island, France",earthquake,7.4,1.7,0.045,48,reviewed,us,us
2020-04-12T06:50:10.657Z,-19.7498,-172.7118,10,4.5,mb,,159,2.712,0.48,us,us70008up0,2020-06-30T14:03:01.040Z,"171km E of Pangai, Tonga",earthquake,12.5,1.9,0.118,21,reviewed,us,us
2020-04-12T03:27:54.632Z,-6.6694,130.4918,86.84,4.5,mb,,43,1.53,1.03,us,us70008uj0,2020-06-30T14:03:01.040Z,"168km NNW of Saumlaki, Indonesia",earthquake,4.7,7.2,0.101,29,reviewed,us,us
2020-04-12T02:41:46.006Z,6.7502,-72.9651,163.67,4.6,mb,,62,2.324,1.28,us,us70008uic,2020-06-30T14:03:00.040Z,"8km NE of Aratoca, Colombia",earthquake,7,8.2,0.03,327,reviewed,us,us
2020-04-12T02:23:13.223Z,38.4642,44.3085,10,4.6,mb,,39,0.993,0.99,us,us70008ui2,2020-06-30T14:03:00.040Z,"23km SSE of Saray, Turkey",earthquake,4.4,1.9,0.05,120,reviewed,us,us
2020-04-12T01:26:16.298Z,-5.4227,146.8352,35,4.5,mb,,121,3.398,0.83,us,us70008ylh,2020-06-30T14:03:14.040Z,"117km E of Madang, Papua New Guinea",earthquake,10.9,1.8,0.139,15,reviewed,us,us
2020-04-12T00:46:19.649Z,-40.1571,78.3071,10,5.4,mww,,67,2.426,0.83,us,us70008ylg,2020-06-30T14:03:14.040Z,"266km SSE of Amsterdam Island, France",earthquake,10.4,1.8,0.089,12,reviewed,us,us
2020-04-12T00:07:48.173Z,-40.3296,78.3668,10,5.3,mww,,67,2.604,0.64,us,us70008yle,2020-06-30T14:03:14.040Z,"286km SSE of Amsterdam Island, France",earthquake,10.9,1.8,0.086,13,reviewed,us,us
2020-04-11T22:33:45.704Z,-24.2993,-176.5348,50.14,5,mb,,116,5.081,0.78,us,us70008ude,2020-06-30T14:02:59.040Z,"South of the Fiji Islands",earthquake,9.3,3.5,0.077,53,reviewed,us,us
2020-04-11T21:24:31.237Z,-19.3189,-172.7632,10,4.5,mb,,79,2.691,1.24,us,us70008yk6,2020-06-30T14:03:14.040Z,"148km ESE of Neiafu, Tonga",earthquake,10.7,1.8,0.113,23,reviewed,us,us
2020-04-11T20:33:06.638Z,-19.3561,-172.7827,13.85,4.6,mb,,79,2.712,1.01,us,us70008yk2,2020-06-30T14:03:14.040Z,"148km ESE of Neiafu, Tonga",earthquake,10.7,4.2,0.108,26,reviewed,us,us
2020-04-11T20:26:33.851Z,28.1012,142.6458,18.18,4.7,mb,,137,1.082,0.51,us,us70008u8j,2020-06-30T14:02:59.040Z,"120km NNE of Chichi-shima, Japan",earthquake,8,4.6,0.072,58,reviewed,us,us
2020-04-11T20:23:46.754Z,2.3949,127.2288,92.19,4.9,mb,,42,1.618,0.99,us,us70008u8d,2020-06-30T14:02:59.040Z,"113km NW of Tobelo, Indonesia",earthquake,6.8,5.1,0.064,81,reviewed,us,us
2020-04-11T19:59:32.949Z,-19.5226,-172.7821,10,4.8,mb,,80,2.732,1.09,us,us70008u7x,2020-06-30T14:02:59.040Z,"159km SE of Neiafu, Tonga",earthquake,9.4,1.8,0.075,62,reviewed,us,us
2020-04-11T18:36:16.561Z,-21.7785,68.3016,10,4.5,mb,,94,39.124,0.61,us,us70008yjy,2020-06-30T14:03:14.040Z,"Mid-Indian Ridge",earthquake,16.2,1.9,0.144,14,reviewed,us,us
2020-04-11T18:22:42.271Z,-19.4108,-173.0467,34.33,5.2,mww,,39,2.966,0.89,us,us70008u4a,2020-06-30T14:02:58.040Z,"129km SE of Neiafu, Tonga",earthquake,5.6,3.7,0.08,15,reviewed,us,us
2020-04-11T16:22:50.940Z,38.0421667,-118.758,8.94,4.57,mw,62,89,0.2888,0.1,nc,nc73367575,2020-06-30T14:02:57.040Z,"29km SE of Bodie, CA",earthquake,0.19,1.08,,4,reviewed,nc,nc
2020-04-11T15:44:47.876Z,36.214,140.0096,58.13,4.8,mww,,68,0.147,0.96,us,us70008ty7,2020-06-30T14:02:56.040Z,"8km W of Tsukuba, Japan",earthquake,6.2,3.9,0.089,12,reviewed,us,us
2020-04-11T14:36:37.040Z,38.0525,-118.7333333,8.45,5.24,mw,46,97,0.268,0.06,nc,nc73367270,2020-12-19T14:46:47.900Z,"30km SE of Bodie, CA",earthquake,0.21,1.15,,4,reviewed,nc,nc
2020-04-11T13:56:40.828Z,-31.4427,-69.4385,114.99,4.6,mb,,35,0.652,1.12,us,us70008tv2,2020-06-30T14:02:55.040Z,"12km SSW of Calingasta, Argentina",earthquake,6.3,5.9,0.05,118,reviewed,us,us
2020-04-11T12:00:39.808Z,-21.4696,68.7395,10,4.5,mb,,58,38.069,0.47,us,us70008yjm,2020-06-30T14:03:13.040Z,"Mid-Indian Ridge",earthquake,11.9,1.9,0.086,40,reviewed,us,us
2020-04-11T10:22:54.805Z,35.0348,26.1595,37.72,4.9,mww,,48,0.965,0.88,us,us70008try,2020-06-30T14:02:54.040Z,"18km E of Makry Gialos, Greece",earthquake,5.4,4.7,0.075,17,reviewed,us,us
2020-04-11T07:23:34.322Z,-5.4061,68.7517,10,4.6,mb,,117,4.183,0.68,us,us70008tqh,2020-06-30T14:02:53.040Z,"Chagos Archipelago region",earthquake,10,1.9,0.082,45,reviewed,us,us
2020-04-11T05:35:44.888Z,-26.4076,-179.174,385.7,4.6,mb,,107,3.034,0.75,us,us70008tnw,2020-06-30T14:02:53.040Z,"South of the Fiji Islands",earthquake,10.1,5.3,0.081,45,reviewed,us,us
2020-04-11T03:19:19.948Z,28.1007,142.67,10,5.2,mww,,35,1.089,1.04,us,us70008tn9,2020-06-30T14:02:53.040Z,"121km NNE of Chichi-shima, Japan",earthquake,6.6,1.8,0.073,18,reviewed,us,us
2020-04-10T23:27:51.081Z,-8.6473,-74.3805,155.59,4.5,mb,,104,1.892,0.97,us,us70008tl4,2020-06-30T14:02:53.040Z,"35km SSE of Pucallpa, Peru",earthquake,7.9,7.3,0.049,122,reviewed,us,us
2020-04-10T19:58:25.496Z,-9.5052,148.7686,10,4.5,mb,,140,1.59,0.72,us,us70008yei,2020-06-30T14:03:13.040Z,"100km SE of Popondetta, Papua New Guinea",earthquake,5.6,1.9,0.089,41,reviewed,us,us
2020-04-10T19:26:45.115Z,-8.639,148.1395,111.41,4.5,mb,,86,1.231,0.67,us,us70008tfp,2020-06-30T14:02:52.040Z,"17km NW of Popondetta, Papua New Guinea",earthquake,7.1,6.2,0.068,76,reviewed,us,us
2020-04-10T18:45:49.730Z,5.5945,126.4894,79.86,5.1,mww,,32,1.722,0.89,us,us70008tex,2020-06-30T14:02:52.040Z,"91km SSE of Pondaguitan, Philippines",earthquake,5.5,3.6,0.066,22,reviewed,us,us
2020-04-10T18:24:38.000Z,-23.4111,-175.4059,10,4.9,mb,,96,6.235,0.87,us,us70008yed,2020-06-30T14:03:13.040Z,"234km SSW of `Ohonua, Tonga",earthquake,5.3,1.8,0.126,24,reviewed,us,us
2020-04-10T16:44:56.425Z,20.4677,122.1097,160,5.9,mww,,25,2.527,1.11,us,us70008tc8,2020-06-30T14:02:52.040Z,"14km E of Basco, Philippines",earthquake,7.4,1.9,0.044,50,reviewed,us,us
2020-04-10T16:38:06.408Z,-58.0955,-25.7252,66.44,5.1,mb,,66,7.115,0.96,us,us70008tc7,2020-06-30T14:02:52.040Z,"114km NNE of Bristol Island, South Sandwich Islands",earthquake,10.6,5.3,0.065,76,reviewed,us,us
2020-04-10T14:46:04.834Z,-22.97,171.7414,10,4.7,mb,,113,3.744,0.91,us,us70008t9n,2020-06-30T14:02:51.040Z,"70km SSW of Ile Hunter, New Caledonia",earthquake,9.7,1.9,0.113,24,reviewed,us,us
2020-04-10T10:22:56.983Z,41.939,142.3391,59.52,4.5,mb,,85,1.496,0.84,us,us70008t5u,2020-06-30T14:02:51.040Z,"43km S of Shizunai, Japan",earthquake,5,6.2,0.047,135,reviewed,us,us
2020-04-10T06:46:16.438Z,-2.955,146.6746,10,4.7,mb,,65,1.139,0.79,us,us70008t2d,2020-06-30T14:02:50.040Z,"122km SSW of Lorengau, Papua New Guinea",earthquake,6.6,1.6,0.126,19,reviewed,us,us
2020-04-10T04:40:18.982Z,12.512,144.0556,10,5,mb,,71,1.331,0.81,us,us70008t0m,2020-12-25T04:50:28.345Z,"106km SW of Merizo Village, Guam",earthquake,9.1,1.9,0.063,81,reviewed,us,us
2020-04-10T04:28:50.362Z,-3.1872,147.2225,10,4.6,mb,,173,1.145,1.15,us,us70008ydy,2020-06-30T14:03:12.040Z,"128km S of Lorengau, Papua New Guinea",earthquake,9.3,2,0.146,14,reviewed,us,us
2020-04-10T03:46:21.013Z,-3.134,146.9018,10,4.9,mb,,74,1.178,0.88,us,us70008szx,2020-06-30T14:02:50.040Z,"129km SSW of Lorengau, Papua New Guinea",earthquake,5.5,1.9,0.083,46,reviewed,us,us
2020-04-10T00:20:31.129Z,-21.4979,33.47,10,4.5,mb,,50,6.039,1.12,us,us70008swk,2020-06-30T14:02:50.040Z,"169km SSE of Chipinge, Zimbabwe",earthquake,8.1,1.8,0.092,35,reviewed,us,us
2020-04-09T21:28:45.686Z,-33.0389,-179.0388,79.48,4.5,mb,,107,3.899,0.92,us,us70008xm8,2020-06-30T14:03:12.040Z,"178km S of L'Esperance Rock, New Zealand",earthquake,10.3,8,0.135,16,reviewed,us,us
2020-04-09T21:01:07.649Z,-58.8776,-24.9645,10,4.5,mb,,107,19.36,0.39,us,us70008xm7,2020-06-30T14:03:12.040Z,"91km E of Bristol Island, South Sandwich Islands",earthquake,14.5,2,0.136,16,reviewed,us,us
2020-04-09T19:51:37.074Z,36.5384,71.2798,228.21,4.5,mb,,45,2.701,0.95,us,us70008spr,2020-06-30T14:02:50.040Z,"27km SW of Ashkasham, Afghanistan",earthquake,7.3,5.3,0.04,179,reviewed,us,us
2020-04-09T17:26:26.403Z,-5.3426,68.6654,10,5.3,mww,,40,4.288,0.95,us,us70008sj4,2020-06-30T14:02:49.040Z,"Chagos Archipelago region",earthquake,8,1.8,0.055,32,reviewed,us,us
2020-04-09T16:57:15.506Z,-7.1638,129.2884,144.57,4.6,mb,,43,2.152,0.77,us,us70008shn,2020-06-30T14:02:49.040Z,"240km WNW of Saumlaki, Indonesia",earthquake,6.4,6.4,0.085,47,reviewed,us,us
2020-04-09T16:07:53.239Z,-30.6448,-177.0275,10,5,mb,,57,1.599,0.81,us,us70008sfy,2020-06-30T14:02:49.040Z,"174km SSE of Raoul Island, New Zealand",earthquake,10.3,1.8,0.059,90,reviewed,us,us
2020-04-09T14:06:52.104Z,-18.18,-69.611,141.89,5,mww,,74,0.182,0.53,us,us70008se7,2020-06-30T14:02:49.040Z,"5km WNW of Putre, Chile",earthquake,5.7,4.5,0.069,20,reviewed,us,us
2020-04-09T12:20:36.106Z,24.8935,-45.8738,10,5.1,mww,,60,19.19,0.88,us,us70008sc8,2020-06-30T14:02:49.040Z,"Northern Mid-Atlantic Ridge",earthquake,10.8,1.8,0.065,23,reviewed,us,us
2020-04-09T12:11:18.152Z,13.2645,-87.7007,175.02,4.6,mb,,124,0.87,0.89,us,us70008sc0,2020-06-30T14:02:49.040Z,"5km WSW of Amapala, Honduras",earthquake,7.5,7,0.033,281,reviewed,us,us
2020-04-09T10:53:52.419Z,-35.8656,-103.8884,10,5,mb,,53,24.32,0.89,us,us70008sb4,2020-06-30T14:02:49.040Z,"Southeast of Easter Island",earthquake,12.9,1.8,0.04,377,reviewed,us,us
2020-04-09T10:41:23.126Z,-18.7124,-173.6499,10,4.6,mb,,103,3.543,0.56,us,us70008xlp,2020-06-30T14:03:12.040Z,"35km E of Neiafu, Tonga",earthquake,5.8,1.9,0.152,15,reviewed,us,us
2020-04-09T09:43:59.498Z,-24.1628,-67.0314,163.61,4.8,mwr,,44,1.6,0.99,us,us70008sag,2020-06-30T14:02:49.040Z,"72km W of San Antonio de los Cobres, Argentina",earthquake,7.3,5,,,reviewed,us,guc
2020-04-09T06:19:29.130Z,-27.6773,65.0565,10,4.6,mb,,87,10.99,0.51,us,us70008xlg,2020-06-30T14:03:12.040Z,"Indian Ocean Triple Junction",earthquake,9.8,1.9,0.132,17,reviewed,us,us
2020-04-09T01:43:36.543Z,-1.524,134.1041,37.2,4.6,mb,,104,2.314,0.84,us,us70008s4b,2020-06-30T14:02:48.040Z,"72km S of Manokwari, Indonesia",earthquake,9.7,7.1,0.074,55,reviewed,us,us
2020-04-08T20:04:46.651Z,13.5467,-92.1053,10,4.5,mb,,166,1.05,1.19,us,us70008rx6,2020-06-30T14:02:47.040Z,"85km SSW of Champerico, Guatemala",earthquake,4.8,1.9,0.047,132,reviewed,us,us
2020-04-08T19:29:58.299Z,-41.6822,-104.1752,10,4.6,mb,,114,15.117,1.15,us,us70008wvs,2020-06-30T14:03:11.040Z,"Southern Pacific Ocean",earthquake,12.2,1.8,0.141,15,reviewed,us,us
2020-04-08T17:09:44.289Z,-32.2754,-178.1855,10,4.8,mb,,135,8.121,0.67,us,us70008wvn,2020-06-30T14:03:11.040Z,"115km SE of L'Esperance Rock, New Zealand",earthquake,11.9,1.9,0.155,13,reviewed,us,us
2020-04-08T14:32:49.300Z,10.5208,-83.31,10,4.5,mb,,133,1.631,0.79,us,us70008rnq,2020-06-30T14:02:45.040Z,"48km N of Batan, Costa Rica",earthquake,6.5,1.9,0.112,23,reviewed,us,us
2020-04-08T12:32:10.372Z,37.6187,140.5661,88.57,4.5,mb,,129,2.169,0.88,us,us70008wvj,2020-06-30T14:03:11.040Z,"12km ENE of Nihommatsu, Japan",earthquake,9,7.6,0.081,44,reviewed,us,us
2020-04-08T10:02:32.491Z,-15.7188,-177.5486,422,5.5,mww,,32,1.508,0.84,us,us70008rje,2020-06-30T14:02:45.040Z,"170km SSE of Sigave, Wallis and Futuna",earthquake,10.3,1.9,0.075,17,reviewed,us,us
2020-04-08T07:58:53.266Z,28.3402,142.4761,21.19,4.6,mb,,116,1.266,1.03,us,us70008rgm,2020-06-30T14:02:45.040Z,"141km N of Chichi-shima, Japan",earthquake,5.6,5.1,0.066,69,reviewed,us,us
2020-04-08T05:55:50.579Z,26.6875,126.6535,102.77,5,mb,,55,1.455,0.79,us,us70008rei,2020-06-30T14:02:44.040Z,"115km WNW of Naha-shi, Japan",earthquake,7.3,6.3,0.034,280,reviewed,us,us
2020-04-08T03:32:03.809Z,-1.432,120.0652,9.22,4.5,mb,,49,2.625,0.72,us,us70008rbp,2020-06-30T14:02:44.040Z,"63km SSE of Palu, Indonesia",earthquake,6.2,5.4,0.128,18,reviewed,us,us
2020-04-07T23:14:59.415Z,24.7214,128.0036,10,4.5,mb,,98,2.119,0.92,us,us70008wmx,2020-06-21T00:55:19.040Z,"159km SSE of Itoman, Japan",earthquake,8.3,1.9,0.124,19,reviewed,us,us
2020-04-07T21:51:26.005Z,39.7884,73.9151,17.35,4.6,mb,,87,1.657,0.75,us,us70008r3h,2020-06-21T00:55:19.040Z,"57km E of Sary-Tash, Kyrgyzstan",earthquake,5.9,4.4,0.071,58,reviewed,us,us
2020-04-07T20:10:01.092Z,-6.3451,148.8081,47.68,4.7,mb,,72,3.45,0.99,us,us70008qz7,2020-06-21T00:55:18.040Z,"83km W of Kandrian, Papua New Guinea",earthquake,9,5.5,0.059,97,reviewed,us,us
2020-04-07T19:43:42.964Z,-18.053,-177.7805,601.67,4.5,mb,,77,3.738,0.71,us,us70008qyg,2020-06-21T00:55:18.040Z,"Fiji region",earthquake,10.8,6.4,0.05,126,reviewed,us,us
2020-04-07T17:42:49.143Z,-7.5258,128.5592,144.54,4.6,mb,,58,2.752,1.11,us,us70008qtj,2020-06-21T00:55:18.040Z,"Kepulauan Barat Daya, Indonesia",earthquake,6.1,6.3,0.075,58,reviewed,us,us
2020-04-07T16:51:23.391Z,4.7706,-82.6302,10,4.8,mb,,149,6.14,0.86,us,us70008qrq,2020-06-21T00:55:17.040Z,"South of Panama",earthquake,8.3,1.9,0.034,259,reviewed,us,us
2020-04-07T16:12:21.430Z,-56.3205,-26.9946,97.7,5,mb,,68,5.794,0.69,us,us70008qqj,2020-06-21T00:55:17.040Z,"44km NNE of Visokoi Island, South Georgia and the South Sandwich Islands",earthquake,10.5,6.4,0.102,33,reviewed,us,us
2020-04-07T11:32:06.029Z,-15.2669,-173.2623,10,5.2,mb,,61,4.795,1.16,us,us70008qjj,2020-06-21T00:55:17.040Z,"91km NE of Hihifo, Tonga",earthquake,5.7,1.9,0.029,389,reviewed,us,us
2020-04-07T11:29:08.661Z,-31.674,179.6381,419.97,5,mb,,120,3.205,0.88,us,us70008qja,2020-06-21T00:55:16.040Z,"141km WSW of L'Esperance Rock, New Zealand",earthquake,10.2,5.8,0.045,157,reviewed,us,us
2020-04-07T10:18:03.430Z,-31.483,-71.6549,35,4.6,mwr,,126,0.625,0.93,us,us70008qib,2020-06-21T00:55:16.040Z,"49km WNW of Illapel, Chile",earthquake,4.3,1.9,0.033,90,reviewed,us,us
2020-04-07T08:03:00.023Z,-9.3569,112.3524,52.07,4.9,mb,,52,1.984,1.27,us,us70008qfi,2020-06-21T00:55:15.040Z,"112km SSW of Krajan Tambakrejo, Indonesia",earthquake,7.9,6.7,0.078,51,reviewed,us,us
2020-04-07T07:05:24.051Z,-23.9724,-66.7889,197.69,4.5,mb,,58,1.631,0.59,us,us70008qet,2020-06-21T00:55:15.040Z,"55km WNW of San Antonio de los Cobres, Argentina",earthquake,6,8.7,0.205,7,reviewed,us,us
2020-04-07T06:27:21.972Z,49.1414,157.8188,45.31,5.1,mww,,71,3.922,0.63,us,us70008qec,2020-06-21T00:55:15.040Z,"209km SE of Severo-Kuril'sk, Russia",earthquake,8.4,4.9,0.098,10,reviewed,us,us
2020-04-07T05:38:05.354Z,-39.8019,176.088,31.06,4.5,mb,,142,0.708,0.76,us,us70008qdx,2020-06-21T00:55:15.040Z,"50km SE of Waiouru, New Zealand",earthquake,5.3,4.6,0.145,14,reviewed,us,us
2020-04-07T05:12:03.027Z,32.5444,132.1008,44.69,4.8,mb,,49,1.182,1.37,us,us70008qdk,2020-06-21T00:55:14.040Z,"40km E of Nobeoka, Japan",earthquake,5.5,5.8,0.05,124,reviewed,us,us
2020-04-07T03:29:53.210Z,6.8873,-72.9804,151.53,4.5,mb,,128,2.428,0.67,us,us70008qd0,2020-06-21T00:55:14.040Z,"13km SE of Piedecuesta, Colombia",earthquake,15.1,11.3,0.065,69,reviewed,us,us
2020-04-07T03:26:51.175Z,11.6591,-61.1271,20.13,5,mww,,37,0.698,0.7,us,us70008qcr,2020-06-21T00:55:14.040Z,"67km NW of Scarborough, Trinidad and Tobago",earthquake,6.8,4.2,0.078,16,reviewed,us,us
2020-04-07T02:37:45.989Z,-10.2536,161.1562,60.61,4.7,mb,,101,1.44,0.51,us,us70008qcm,2020-06-21T00:55:14.040Z,"86km WNW of Kirakira, Solomon Islands",earthquake,10.9,8.1,0.057,92,reviewed,us,us
2020-04-07T01:52:15.511Z,17.4725,-101.0968,10,4.8,mb,,104,0.685,0.94,us,us70008qbg,2020-06-21T00:55:14.040Z,"18km ESE of Petatlan, Mexico",earthquake,2.6,1.8,0.024,529,reviewed,us,us
2020-04-07T01:39:37.624Z,38.2016,99.8121,10,4.5,mb,,61,10.761,0.37,us,us70008wm6,2020-06-21T00:55:13.040Z,"98km SW of Zhangye, China",earthquake,4.5,1.9,0.098,30,reviewed,us,us
2020-04-07T00:35:18.553Z,-43.6876,-16.1483,10,5,mb,,48,16.983,1,us,us70008wm0,2020-06-21T00:55:13.040Z,"Southern Mid-Atlantic Ridge",earthquake,10.9,1.7,0.077,54,reviewed,us,us
2020-04-06T19:20:27.360Z,2.8254,95.753,35,5,mb,,102,2.366,0.7,us,us70008q3h,2020-06-21T00:55:12.040Z,"79km WNW of Sinabang, Indonesia",earthquake,8.4,1.9,0.069,68,reviewed,us,us
2020-04-06T18:02:01.677Z,-21.5415,-175.5576,42.19,5,mb,,32,5.825,1.16,us,us70008q1c,2020-06-21T00:55:12.040Z,"52km SW of Vaini, Tonga",earthquake,10.2,4.7,0.052,120,reviewed,us,us
2020-04-06T07:44:57.745Z,-38.5762,77.0827,10,4.6,mb,,181,0.867,0.58,us,us70008sin,2020-06-21T00:55:10.040Z,"90km SSW of Amsterdam Island, France",earthquake,11.6,1.9,0.145,14,reviewed,us,us
2020-04-06T05:31:03.283Z,1.4629,126.4463,39.64,4.8,mb,,91,1.148,0.65,us,us70008pr4,2020-06-21T00:55:09.040Z,"127km NW of Kota Ternate, Indonesia",earthquake,6.4,7.7,0.068,67,reviewed,us,us
2020-04-06T02:46:42.801Z,-40.0908,78.353,10,4.7,mb,,77,2.371,1.01,us,us70008sih,2020-06-21T00:55:08.040Z,"260km SSE of Amsterdam Island, France",earthquake,13.2,1.9,0.159,12,reviewed,us,us
2020-04-06T01:12:53.022Z,-10.1982,161.1811,60.05,5,mb,,89,1.43,0.59,us,us70008pmf,2020-06-21T00:55:08.040Z,"85km WNW of Kirakira, Solomon Islands",earthquake,8.6,6.2,0.038,221,reviewed,us,us
2020-04-05T22:57:45.965Z,1.6621,126.693,51.65,4.5,mb,,78,1.111,0.54,us,us70008shh,2020-06-21T00:55:07.040Z,"122km NW of Kota Ternate, Indonesia",earthquake,9.1,8.2,0.128,18,reviewed,us,us
2020-04-05T22:42:53.832Z,-5.2757,102.5135,35,4.9,mb,,65,1.01,0.95,us,us70008pjp,2020-06-21T00:55:07.040Z,"141km W of Kuripan, Indonesia",earthquake,6,1.9,0.075,55,reviewed,us,us
2020-04-05T22:42:28.123Z,1.4023,126.4522,53.5,4.6,mb,,90,1.108,0.65,us,us70008pjw,2020-06-21T00:55:07.040Z,"122km NW of Kota Ternate, Indonesia",earthquake,7.3,7.4,0.092,35,reviewed,us,us
2020-04-05T20:44:06.014Z,0.9558,118.7371,52.98,4.6,mb,,67,2.05,1.05,us,us70008pgq,2020-06-21T00:55:06.040Z,"165km ENE of Bontang, Indonesia",earthquake,4.5,6.9,0.119,21,reviewed,us,us
2020-04-05T20:21:05.163Z,36.6776,71.0024,243.72,4.5,mb,,70,2.037,0.8,us,us70008pga,2020-06-21T00:55:06.040Z,"25km SE of Jarm, Afghanistan",earthquake,8.4,8.3,0.145,14,reviewed,us,us
2020-04-05T18:37:10.876Z,1.395,126.4381,42,6,mww,,31,1.115,1.23,us,us70008peg,2020-06-21T00:55:06.040Z,"123km WNW of Kota Ternate, Indonesia",earthquake,6.6,1.9,0.06,27,reviewed,us,us
2020-04-05T17:50:30.477Z,26.4085,92.7724,46.31,4.5,mb,,80,1.176,0.88,us,us70008pdi,2020-06-21T00:55:06.040Z,"25km S of Tezpur, India",earthquake,8,7.1,0.078,48,reviewed,us,us
2020-04-05T13:26:00.735Z,-6.2511,145.942,109.42,4.6,mb,,32,3.357,0.73,us,us70008p8u,2020-06-21T00:55:04.040Z,"9km ENE of Kainantu, Papua New Guinea",earthquake,7.3,6.3,0.076,51,reviewed,us,us
2020-04-05T07:51:01.678Z,-13.6869,66.1223,10,4.5,mb,,123,12.61,0.35,us,us70008sgv,2020-06-21T00:55:03.040Z,"Mid-Indian Ridge",earthquake,8.7,1.9,0.111,24,reviewed,us,us
2020-04-05T07:24:08.545Z,23.4969,123.6026,10,4.7,mb,,100,1.107,0.74,us,us70008p3q,2020-06-21T00:55:03.040Z,"109km SSW of Ishigaki, Japan",earthquake,5.6,1.9,0.052,110,reviewed,us,us
2020-04-05T05:04:40.505Z,-5.8906,151.7857,10,4.6,mb,,128,1.729,0.87,us,us70008p26,2020-06-21T00:55:02.040Z,"178km SSW of Kokopo, Papua New Guinea",earthquake,5.4,1.9,0.075,52,reviewed,us,us
2020-04-05T02:39:16.573Z,-36.3628,-97.0561,10,4.9,mb,,113,21.152,0.86,us,us70008p09,2020-06-21T00:55:01.040Z,"West Chile Rise",earthquake,17,1.9,0.055,103,reviewed,us,us
2020-04-05T00:15:23.641Z,-8.5361,113.1477,127.08,4.9,mww,,31,0.995,0.87,us,us70008nye,2020-06-21T00:55:00.040Z,"31km SSW of Sumberwongso, Indonesia",earthquake,6.4,5.2,0.068,21,reviewed,us,us
2020-04-04T18:08:32.383Z,-5.6476,148.4759,149.14,4.5,mb,,58,3.948,1.05,us,us70008sdr,2020-06-21T00:55:00.040Z,"125km NNE of Finschhafen, Papua New Guinea",earthquake,7.9,4.8,0.085,47,reviewed,us,us
2020-04-04T12:11:21.328Z,-7.3219,156.1444,56.63,4.9,mb,,71,4.31,0.59,us,us70008nlk,2020-06-21T00:54:58.040Z,"87km SSW of Chirovanga, Solomon Islands",earthquake,9.1,6.3,0.047,144,reviewed,us,us
2020-04-04T09:24:18.396Z,-19.4019,-173.2517,10,5.1,mww,,41,8.41,0.55,us,us70008ni4,2020-06-21T00:54:58.040Z,"113km SE of Neiafu, Tonga",earthquake,9.2,1.8,0.093,11,reviewed,us,us
2020-04-04T08:22:06.129Z,-11.0275,164.3872,10,4.9,mb,,40,4.646,0.7,us,us70008nh6,2020-06-21T00:54:57.040Z,"161km WSW of Lata, Solomon Islands",earthquake,5.3,1.9,0.104,29,reviewed,us,us
2020-04-04T06:18:24.535Z,54.8277,166.1783,14,5.5,mww,,112,4.802,0.69,us,us70008nel,2020-06-21T00:54:57.040Z,"42km SSE of Nikol'skoye, Russia",earthquake,8.3,1.9,0.03,110,reviewed,us,us
2020-04-04T04:54:43.487Z,-31.1792,-68.9389,101.27,4.9,mww,,26,0.425,1.29,us,us70008nd5,2020-06-21T00:54:56.040Z,"45km NNW of Zonda, Argentina",earthquake,4.8,3.8,0.052,35,reviewed,us,us
2020-04-04T03:55:30.526Z,28.6585,129.2729,74.63,4.8,mb,,53,2.02,0.93,us,us70008nc1,2020-06-21T00:54:56.040Z,"38km NNW of Naze, Japan",earthquake,7,6.6,0.046,144,reviewed,us,us
2020-04-04T01:53:18.920Z,33.4895,-116.5063333,10.45,4.87,mw,175,23,0.07088,0.22,ci,ci39126079,2020-11-18T16:13:18.572Z,"17km ESE of Anza, CA",earthquake,0.1,0.27,,6,reviewed,ci,ci
2020-04-04T01:52:50.938Z,-55.9365,-27.7537,76.68,5.1,mb,,76,5.28,0.82,us,us70008n9q,2020-06-21T00:54:55.040Z,"91km NNW of Visokoi Island, South Georgia and the South Sandwich Islands",earthquake,11.3,5.5,0.083,47,reviewed,us,us
2020-04-03T23:13:23.876Z,-5.9659,151.8354,10,4.6,mb,,83,1.793,0.66,us,us70008rqx,2020-06-21T00:54:54.040Z,"184km SSW of Kokopo, Papua New Guinea",earthquake,11.5,1.9,0.053,107,reviewed,us,us
2020-04-03T22:54:42.401Z,32.6775,85.4882,10,4.8,mb,,39,4.84,0.78,us,us70008n5a,2020-06-21T00:54:54.040Z,"129km ENE of Luring, China",earthquake,7.6,1.8,0.06,87,reviewed,us,us
2020-04-03T22:50:49.686Z,-58.658,-25.2733,27.8,5,mww,,68,7.598,0.79,us,us70008n56,2020-06-21T00:54:53.040Z,"83km ENE of Bristol Island, South Sandwich Islands",earthquake,10.4,3.8,0.117,7,reviewed,us,us
2020-04-03T19:57:50.670Z,-55.498,-28.6643,43.46,4.5,mb,,78,4.678,0.9,us,us70008rr1,2020-06-21T00:54:52.040Z,"161km NW of Visokoi Island, South Georgia and the South Sandwich Islands",earthquake,12.6,7.7,0.18,9,reviewed,us,us
2020-04-03T18:38:24.879Z,-11.1856,115.3875,10,4.6,mb,,72,2.96,0.64,us,us70008mxn,2020-06-21T00:54:52.040Z,"261km S of Kangin, Indonesia",earthquake,10.6,1.9,0.092,42,reviewed,us,us
2020-04-03T18:15:42.603Z,35.9384,35.49,12.73,4.7,mww,,46,1.852,0.77,us,us70008mx0,2020-06-21T00:54:52.040Z,"43km WNW of Qastal Ma`af, Syria",earthquake,3.9,3.3,0.069,20,reviewed,us,us
2020-04-03T17:10:58.770Z,-22.9429,-176.2902,10,4.7,mb,,122,7.079,0.98,us,us70008rqq,2020-06-21T00:54:51.040Z,"223km SSW of Vaini, Tonga",earthquake,14.2,1.9,0.093,37,reviewed,us,us
2020-04-03T15:14:14.531Z,-10.5835,165.4643,68.76,4.6,mb,,59,5.122,1.09,us,us70008rqm,2020-06-21T00:54:51.040Z,"42km WNW of Lata, Solomon Islands",earthquake,9.8,8,0.111,24,reviewed,us,us
2020-04-03T13:09:24.356Z,-19.5669,-172.9204,10,4.6,mb,,91,2.868,0.72,us,us70008mmt,2020-06-21T00:54:51.040Z,"151km SE of Neiafu, Tonga",earthquake,10.1,1.8,0.103,28,reviewed,us,us
2020-04-03T12:50:23.332Z,1.623,126.548,35,4.6,mb,,106,1.176,0.56,us,us70008mlj,2020-06-21T00:54:50.040Z,"130km NW of Kota Ternate, Indonesia",earthquake,6.1,2,0.098,31,reviewed,us,us
2020-04-03T10:09:23.028Z,-15.1056,167.0165,32.81,4.6,mb,,84,0.384,0.51,us,us70008rq9,2020-06-21T00:54:49.040Z,"7km SSW of Port-Olry, Vanuatu",earthquake,10.1,6,0.119,21,reviewed,us,us
2020-04-03T09:16:15.377Z,4.0063,-82.7858,10,4.7,mb,,73,4.757,0.61,us,us70008mha,2020-06-21T00:54:49.040Z,"South of Panama",earthquake,4.6,1.7,0.037,223,reviewed,us,us
2020-04-03T08:48:00.591Z,-29.0491,-71.6558,49.65,4.8,mwr,,97,0.837,0.69,us,us70008mgj,2020-06-21T00:54:48.040Z,"102km NNW of La Serena, Chile",earthquake,6.7,5.9,0.048,41,reviewed,us,us
2020-04-03T05:44:26.600Z,38.8489,43.523,10,4.7,mwr,,60,0.647,0.82,us,us70008mc2,2020-06-21T00:54:48.040Z,"24km SE of Ercis, Turkey",earthquake,4.1,1.9,0.089,12,reviewed,us,us
2020-04-03T04:27:17.045Z,10.7348,126.1221,35,4.6,mb,,80,6.07,1.17,us,us70008mb2,2020-06-21T00:54:47.040Z,"39km SE of Sulangan, Philippines",earthquake,9.5,1.9,0.05,121,reviewed,us,us
2020-04-02T23:36:58.396Z,-0.2311,-18.7406,10,4.5,mb,,101,8.808,0.72,us,us70008ril,2020-06-21T00:54:46.040Z,"Central Mid-Atlantic Ridge",earthquake,7.9,1.9,0.181,9,reviewed,us,us
2020-04-02T22:29:07.618Z,11.1874,126.557,10,4.7,mb,,89,4.203,0.72,us,us70008m3r,2020-06-21T00:54:45.040Z,"84km ENE of Sulangan, Philippines",earthquake,9.8,1.9,0.049,128,reviewed,us,us
2020-04-02T21:42:41.631Z,-6.9666,126.6195,408.54,5.2,mww,,27,3.618,1.3,us,us70008m1n,2020-06-21T00:54:45.040Z,"210km NNE of Dili, East Timor",earthquake,6.4,4,0.08,15,reviewed,us,us
2020-04-02T20:09:03.280Z,20.6676,144.7696,110.97,5.2,mb,,45,5.483,0.95,us,us70008ly5,2020-12-24T20:19:06.388Z,"19km NW of Farallon de Pajaros, Northern Mariana Islands",earthquake,9.6,5,0.029,395,reviewed,us,us
2020-04-02T19:33:42.475Z,-8.9533,-108.2803,10,4.6,mb,,164,19.714,1.19,us,us70008lyf,2020-06-21T00:54:44.040Z,"Central East Pacific Rise",earthquake,15.9,1.9,0.058,90,reviewed,us,us
2020-04-02T18:43:33.658Z,-56.0143,-26.6438,35,5.1,mb,,57,5.905,0.79,us,us70008luw,2020-06-21T00:54:43.040Z,"83km NNE of Visokoi Island, South Georgia and the South Sandwich Islands",earthquake,11.9,1.9,0.084,46,reviewed,us,us
2020-04-02T10:15:37.321Z,11.7273,-88.4304,16.98,5.2,mww,,35,1.554,1.25,us,us70008lfz,2020-06-21T00:54:41.040Z,"155km SW of Jiquilillo, Nicaragua",earthquake,5.8,2.9,0.03,104,reviewed,us,us
2020-04-02T10:08:33.478Z,24.8686,125.4203,38.02,4.8,mb,,89,2.227,1.07,us,us70008lfx,2020-06-21T00:54:41.040Z,"15km ENE of Hirara, Japan",earthquake,6.5,5.6,0.044,163,reviewed,us,us
2020-04-02T09:13:16.793Z,40.6891,143.8454,10,4.5,mb,,135,2.115,1.03,us,us70008lec,2020-06-21T00:54:40.040Z,"199km E of Hachinohe, Japan",earthquake,5,1.8,0.06,80,reviewed,us,us
2020-04-02T07:25:05.458Z,-20.0056,-69.1367,99.62,4.6,mb,,60,0.135,0.83,us,us70008lc6,2020-06-21T00:54:40.040Z,"107km ENE of Iquique, Chile",earthquake,4.4,4,0.111,24,reviewed,us,us
2020-04-02T03:38:26.339Z,-12.5872,166.743,135.63,4.6,mb,,72,2.877,0.91,us,us70008l7a,2020-06-21T00:54:37.040Z,"167km NNW of Sola, Vanuatu",earthquake,12.5,7,0.107,26,reviewed,us,us
2020-04-02T03:15:51.206Z,5.724,-76.0317,86.86,4.8,mww,,37,1.914,0.96,us,us70008l6q,2020-06-21T00:54:37.040Z,"6km WSW of Betania, Colombia",earthquake,7.6,4.9,0.093,11,reviewed,us,us
2020-04-02T02:33:45.737Z,-5.6439,-88.4395,10,4.8,mb,,104,5.269,0.82,us,us70008l6m,2020-06-21T00:54:37.040Z,"Southeast of the Galapagos Islands",earthquake,13.1,1.9,0.092,36,reviewed,us,us
2020-04-02T02:30:43.686Z,-25.948,-70.7842,67.92,4.8,mww,,124,0.259,0.84,us,us70008l5u,2020-06-21T00:54:37.040Z,"67km SSW of Taltal, Chile",earthquake,6.1,3.7,0.078,16,reviewed,us,us
2020-04-02T02:13:11.964Z,-7.9349,125.7018,16.19,5.5,mww,,27,2.298,0.95,us,us70008l5g,2020-06-21T00:54:36.040Z,"70km NNE of Dili, East Timor",earthquake,6.6,3.2,0.066,22,reviewed,us,us
2020-04-01T22:18:13.578Z,-13.1608,41.0284,10,4.7,mb,,47,8.002,0.55,us,us70008kzj,2020-06-21T00:54:35.040Z,"59km ESE of Pemba, Mozambique",earthquake,8.8,1.9,0.093,35,reviewed,us,us
2020-04-01T20:12:58.770Z,-15.6665,-172.9271,10,4.6,mb,,108,2.068,1.08,us,us70008qht,2020-06-21T00:54:34.040Z,"93km ENE of Hihifo, Tonga",earthquake,9.2,1.9,0.146,14,reviewed,us,us
2020-04-01T16:30:36.302Z,-22.8091,-70.3939,33.64,4.6,mb,,118,0.182,1,us,us70008kkl,2020-06-21T00:54:33.040Z,"81km SSW of Tocopilla, Chile",earthquake,5.1,5.4,0.243,5,reviewed,us,us
2020-04-01T14:39:25.875Z,-6.0573,142.4937,29.77,4.5,mb,,100,3.945,0.88,us,us70008ki1,2020-06-21T00:54:32.040Z,"101km SW of Porgera, Papua New Guinea",earthquake,9,6.3,0.108,25,reviewed,us,us
2020-04-01T12:23:27.116Z,33.1265,98.9089,10,5.4,mww,,31,7.474,0.61,us,us70008kd8,2020-06-21T00:54:31.040Z,"77km ENE of Qumong, China",earthquake,7.5,1.8,0.08,15,reviewed,us,us
2020-04-01T09:32:45.124Z,51.2288,-178.345,35,4.8,mb,,136,0.438,0.94,us,us70008k8k,2020-06-21T00:54:30.040Z,"53km E of Amatignak Island, Alaska",earthquake,4.1,1.9,0.026,469,reviewed,us,us
2020-04-01T09:11:46.511Z,24.2047,124.2201,14.96,4.5,mb,,97,1.133,0.81,us,us70008qhg,2020-06-21T00:54:30.040Z,"16km SSE of Ishigaki, Japan",earthquake,7.2,5.1,0.091,36,reviewed,us,us
2020-04-01T07:49:07.899Z,-3.2591,142.6195,40.38,4.6,mb,,54,2.05,0.84,us,us70008k5m,2020-06-21T00:54:30.040Z,"33km ESE of Aitape, Papua New Guinea",earthquake,7.7,6.5,0.073,55,reviewed,us,us
2020-04-01T06:32:24.802Z,-54.364,-136.2801,10,5.3,mww,,26,30.677,1.32,us,us70008k2a,2020-06-21T00:54:29.040Z,"Pacific-Antarctic Ridge",earthquake,10.4,0.7,0.098,10,reviewed,us,us
2020-04-01T05:50:18.940Z,-55.6838,-28.1482,39.57,5.2,mb,,58,5.004,0.72,us,us70008k0q,2020-06-21T00:54:29.040Z,"127km NNW of Visokoi Island, South Georgia and the South Sandwich Islands",earthquake,10.9,5.6,0.066,76,reviewed,us,us
2020-04-01T04:12:21.236Z,-45.5817,-76.7599,10,4.9,mww,,51,3.139,0.69,us,us70008jyw,2020-06-21T00:54:28.040Z,"Off the coast of Aisen, Chile",earthquake,8.3,1.8,0.098,10,reviewed,us,us
2020-04-01T04:09:21.850Z,-45.5913,-76.6302,10,5.2,mww,,33,3.057,0.8,us,us70008jxh,2020-06-21T00:54:28.040Z,"298km W of Puerto Chacabuco, Chile",earthquake,7.4,1.7,0.056,31,reviewed,us,us
2020-04-01T03:59:13.405Z,-45.6544,-76.8017,10,4.7,mb,,83,3.192,0.74,us,us70008qh7,2020-06-21T00:54:28.040Z,"Off the coast of Aisen, Chile",earthquake,3.8,1.9,0.13,18,reviewed,us,us
2020-04-01T03:55:21.570Z,-45.6569,-76.5246,10,4.6,mwr,,136,3.013,0.83,us,us70008jwt,2020-06-21T00:54:28.040Z,"290km W of Puerto Chacabuco, Chile",earthquake,4,1.8,0.08,15,reviewed,us,us
2020-04-01T00:27:41.034Z,44.3232,-115.1673,10,4.8,mww,,39,0.935,0.81,us,us70008js1,2020-06-21T00:54:27.040Z,"72km ESE of Cascade, Idaho",earthquake,2.9,1.8,0.11,8,reviewed,us,us
